,Date ,series ,OPEN ,HIGH ,LOW ,PREV. CLOSE ,ltp ,close ,vwap ,52W H ,52W L ,VOLUME ,VALUE ,No of trades 
0,09-Apr-2020,EQ,73.0,77.3,72.8,70.3,77.3,76.8,75.06,195.1,60.2,41602363,"3,122,603,213.30",146666
1,08-Apr-2020,EQ,65.95,73.4,65.0,66.75,70.4,70.3,69.91,195.1,60.2,49394737,"3,453,383,378.50",163600
2,07-Apr-2020,EQ,66.3,67.7,65.1,62.8,66.45,66.75,66.49,195.1,60.2,45746171,"3,041,665,821.90",124903
3,03-Apr-2020,EQ,64.0,64.45,62.2,62.65,62.8,62.8,62.81,195.1,60.2,24226287,"1,521,651,576.10",77561
4,01-Apr-2020,EQ,65.0,65.4,62.35,64.7,63.0,62.65,63.29,195.1,60.2,23338192,"1,477,124,032.80",92556
5,31-Mar-2020,EQ,63.45,67.0,62.6,61.55,64.9,64.7,65.2,195.1,60.2,44630391,"2,910,056,510.60",142087
6,30-Mar-2020,EQ,61.8,62.9,60.2,63.75,61.9,61.55,61.81,195.1,60.2,17613254,"1,088,610,444.45",79720
7,27-Mar-2020,EQ,68.55,68.85,63.0,65.8,63.8,63.75,65.27,195.1,61.65,26206043,"1,710,452,543.75",99533
8,26-Mar-2020,EQ,65.6,69.2,63.5,64.2,65.85,65.8,66.72,195.1,61.65,29684035,"1,980,594,054.40",114668
9,25-Mar-2020,EQ,62.7,65.0,62.35,62.8,64.2,64.2,63.92,195.1,61.65,29906847,"1,911,508,969.20",86458
10,24-Mar-2020,EQ,67.5,68.45,62.35,62.65,63.5,62.8,64.5,195.1,61.65,30625806,"1,975,267,873.75",115223
11,23-Mar-2020,EQ,67.95,71.3,61.65,75.45,63.0,62.65,65.27,195.1,61.65,22554580,"1,472,079,953.95",121239
12,20-Mar-2020,EQ,72.4,78.0,70.4,69.35,76.0,75.45,72.78,195.1,67.8,29770505,"2,166,576,538.45",135347
13,19-Mar-2020,EQ,69.45,73.65,67.8,72.95,69.7,69.35,70.76,195.1,67.8,31319910,"2,216,096,658.45",120150
14,18-Mar-2020,EQ,78.0,78.65,72.1,75.0,73.6,72.95,75.48,195.1,68.9,30564821,"2,306,942,217.70",120299
15,17-Mar-2020,EQ,76.55,80.45,74.4,74.85,75.05,75.0,77.58,195.1,68.9,32830615,"2,546,968,314.30",116885
16,16-Mar-2020,EQ,78.0,80.7,74.25,84.05,74.9,74.85,77.28,195.1,68.9,33777113,"2,610,199,594.25",149270
17,13-Mar-2020,EQ,73.15,86.6,68.9,79.85,85.2,84.05,79.23,195.1,68.9,45056264,"3,569,607,059.65",179642
18,12-Mar-2020,EQ,84.75,85.5,78.25,92.0,80.4,79.85,82.04,195.1,78.25,38860033,"3,187,905,925.25",149165
19,11-Mar-2020,EQ,92.0,95.5,91.25,94.9,91.35,92.0,93.34,195.1,91.25,33275612,"3,105,866,700.60",119713
20,09-Mar-2020,EQ,104.0,105.45,93.4,111.05,94.1,94.9,98.17,195.1,93.4,38812756,"3,810,440,944.70",168779
21,06-Mar-2020,EQ,111.7,113.4,108.1,117.1,111.2,111.05,111.58,195.1,108.1,16482554,"1,839,043,310.30",64906
22,05-Mar-2020,EQ,118.5,122.2,116.0,119.35,117.05,117.1,117.98,195.1,109.0,26357440,"3,109,739,343.30",83865
23,04-Mar-2020,EQ,119.0,120.0,115.1,119.55,119.3,119.35,117.44,195.1,109.0,38623129,"4,535,999,186.75",128090
24,03-Mar-2020,EQ,114.25,121.0,113.65,110.95,120.2,119.55,117.27,195.1,109.0,36975433,"4,336,032,298.35",140421
25,02-Mar-2020,EQ,117.55,119.4,109.0,114.0,111.15,110.95,115.82,195.1,109.0,32732879,"3,791,120,233.20",114317
26,28-Feb-2020,EQ,126.0,126.0,112.1,130.55,112.85,114.0,117.72,195.1,112.1,57363091,"6,753,049,202.15",196760
27,27-Feb-2020,EQ,130.0,131.4,126.4,130.25,130.2,130.55,128.99,195.1,125.3,15600307,"2,012,292,139.70",72698
28,26-Feb-2020,EQ,131.0,133.7,129.35,132.7,130.15,130.25,131.69,195.1,125.3,14605029,"1,923,378,358.55",64565
29,25-Feb-2020,EQ,134.4,135.9,132.05,133.2,133.2,132.7,133.64,195.1,125.3,14590593,"1,949,844,497.45",74110
30,24-Feb-2020,EQ,139.85,139.95,132.3,142.35,133.15,133.2,135.85,195.1,125.3,22666897,"3,079,294,506.95",108574
31,20-Feb-2020,EQ,141.8,144.75,140.8,142.65,142.6,142.35,143.0,195.1,125.3,11236035,"1,606,806,801.15",42130
32,19-Feb-2020,EQ,142.0,144.2,141.6,140.55,142.45,142.65,142.87,195.1,125.3,8824394,"1,260,730,353.65",37962
33,18-Feb-2020,EQ,141.75,141.75,137.5,142.1,140.7,140.55,139.25,195.1,125.3,13205238,"1,838,892,593.45",67595
34,17-Feb-2020,EQ,141.3,143.8,140.8,141.1,142.3,142.1,142.45,195.1,125.3,8475514,"1,207,365,318.65",41891
35,14-Feb-2020,EQ,142.7,143.9,140.75,142.5,141.0,141.1,142.35,195.1,125.3,6336170,"901,930,278.25",30921
36,13-Feb-2020,EQ,142.35,143.35,140.3,141.55,142.5,142.5,141.96,195.1,125.3,6820884,"968,314,543.30",33228
37,12-Feb-2020,EQ,142.0,143.9,141.15,140.75,142.0,141.55,142.34,195.1,125.3,9280214,"1,320,906,854.90",46946
38,11-Feb-2020,EQ,141.65,143.6,140.2,140.3,140.95,140.75,142.13,195.1,125.3,9087616,"1,291,646,110.30",38229
39,10-Feb-2020,EQ,143.7,143.7,139.55,144.6,140.6,140.3,140.63,195.1,125.3,10029897,"1,410,472,436.90",45696
40,07-Feb-2020,EQ,143.85,145.3,141.75,143.85,144.25,144.6,144.29,195.1,125.3,9671106,"1,395,400,229.50",35383
41,06-Feb-2020,EQ,144.85,146.8,142.7,143.1,143.7,143.85,144.79,195.1,125.3,15736536,"2,278,467,446.60",69080
42,05-Feb-2020,EQ,139.3,143.9,137.6,138.55,143.7,143.1,140.52,195.1,125.3,17304767,"2,431,610,605.35",72721
43,04-Feb-2020,EQ,135.9,138.9,134.8,134.15,138.4,138.55,137.37,195.1,125.3,11370911,"1,562,055,904.95",54605
44,03-Feb-2020,EQ,134.35,136.8,132.85,134.9,134.5,134.15,134.48,195.1,125.3,13658383,"1,836,844,457.75",66261
45,01-Feb-2020,EQ,138.75,139.0,133.5,137.9,134.35,134.9,136.58,198.25,125.3,15204251,"2,076,607,339.30",74198
46,31-Jan-2020,EQ,140.85,141.7,137.5,140.95,137.7,137.9,139.23,198.25,125.3,13980768,"1,946,541,079.25",58677
47,30-Jan-2020,EQ,142.15,143.4,139.8,142.2,140.6,140.95,141.47,198.25,125.3,15625276,"2,210,430,693.35",71238
48,29-Jan-2020,EQ,144.45,145.4,141.9,142.2,142.15,142.2,143.77,198.25,125.3,12603444,"1,812,022,096.25",65583
49,28-Jan-2020,EQ,147.75,147.75,141.55,148.85,142.1,142.2,144.1,198.25,125.3,22438597,"3,233,373,535.10",122737
50,27-Jan-2020,EQ,153.4,153.4,148.1,155.9,148.35,148.85,150.55,198.25,125.3,13357039,"2,010,932,468.90",76627
51,24-Jan-2020,EQ,155.0,157.1,153.75,154.15,155.8,155.9,155.88,200.5,125.3,8012015,"1,248,928,217.00",41537
52,23-Jan-2020,EQ,153.6,155.4,152.35,153.2,154.1,154.15,154.03,200.5,125.3,12087029,"1,861,789,115.65",63288
53,22-Jan-2020,EQ,155.85,158.25,152.8,153.9,153.55,153.2,155.56,200.5,125.3,15503961,"2,411,785,857.45",81461
54,21-Jan-2020,EQ,157.0,158.4,153.55,156.9,154.05,153.9,155.5,200.5,125.3,10481008,"1,629,827,043.90",46124
55,20-Jan-2020,EQ,159.35,159.9,156.2,159.5,157.15,156.9,157.29,200.5,125.3,7944434,"1,249,585,135.30",36352
56,17-Jan-2020,EQ,162.7,162.7,159.0,162.25,159.35,159.5,160.67,202.25,125.3,9518702,"1,529,351,413.15",42760
57,16-Jan-2020,EQ,162.9,163.7,160.4,164.65,162.5,162.25,161.85,202.25,125.3,11990967,"1,940,744,383.25",49793
58,15-Jan-2020,EQ,165.0,165.45,161.8,165.0,164.15,164.65,163.98,202.25,125.3,11633598,"1,907,648,420.85",52909
59,14-Jan-2020,EQ,161.4,166.1,161.0,160.45,165.05,165.0,164.45,202.25,125.3,19728091,"3,244,299,579.80",92637
60,13-Jan-2020,EQ,160.5,161.45,158.25,159.95,160.35,160.45,160.16,202.25,125.3,9331492,"1,494,542,943.15",41829
61,10-Jan-2020,EQ,159.5,163.3,157.6,158.15,159.65,159.95,161.07,202.25,125.3,20995863,"3,381,906,400.95",92376
62,09-Jan-2020,EQ,159.4,160.2,157.4,157.35,158.05,158.15,158.58,202.25,125.3,11725302,"1,859,352,842.45",54557
63,08-Jan-2020,EQ,153.25,158.2,152.45,156.0,156.9,157.35,155.89,202.25,125.3,18095375,"2,820,917,865.15",66403
64,07-Jan-2020,EQ,152.8,156.8,152.55,150.55,156.05,156.0,155.33,202.25,125.3,24417974,"3,792,743,643.60",104963
65,06-Jan-2020,EQ,156.9,157.7,150.05,157.75,150.7,150.55,153.36,202.25,125.3,11218355,"1,720,393,788.55",53420
66,03-Jan-2020,EQ,158.4,160.9,156.7,159.45,157.4,157.75,158.62,203.6,125.3,12108687,"1,920,629,426.70",52394
67,02-Jan-2020,EQ,155.3,159.85,155.3,154.6,159.45,159.45,157.86,203.6,125.3,17137897,"2,705,420,610.10",88006
68,01-Jan-2020,EQ,152.8,155.15,151.45,152.45,154.8,154.6,153.58,203.6,125.3,14266524,"2,191,104,949.15",67844
69,31-Dec-2019,EQ,154.0,155.5,152.0,154.5,152.25,152.45,153.68,203.6,125.3,13026542,"2,001,866,150.35",47442
70,30-Dec-2019,EQ,152.05,154.9,150.15,151.75,154.0,154.5,152.62,203.6,125.3,12606419,"1,923,951,690.00",46972
71,27-Dec-2019,EQ,151.45,152.9,150.05,150.7,152.0,151.75,151.53,203.6,125.3,12636170,"1,914,731,440.65",52858
72,26-Dec-2019,EQ,148.3,152.5,147.55,148.05,150.9,150.7,150.73,203.6,125.3,19969941,"3,009,975,731.40",82958
73,24-Dec-2019,EQ,148.35,149.4,147.2,147.75,147.8,148.05,148.39,203.6,125.3,10766485,"1,597,662,126.40",52426
74,23-Dec-2019,EQ,145.0,148.0,145.0,144.25,147.75,147.75,147.06,203.6,125.3,15357549,"2,258,468,093.15",74386
75,20-Dec-2019,EQ,149.8,150.5,143.2,149.35,145.3,144.25,145.51,213.3,125.3,47171871,"6,863,811,674.15",151194
76,19-Dec-2019,EQ,152.5,153.9,148.3,152.8,149.0,149.35,150.44,213.3,125.3,17713003,"2,664,831,137.75",76289
77,18-Dec-2019,EQ,152.3,154.0,150.3,152.35,152.95,152.8,152.29,213.3,125.3,13726266,"2,090,304,444.80",63387
78,17-Dec-2019,EQ,148.05,154.25,148.0,147.15,152.1,152.35,152.21,213.3,125.3,25796975,"3,926,502,841.95",111788
79,16-Dec-2019,EQ,149.5,150.85,146.2,149.4,147.25,147.15,148.23,213.3,125.3,9220405,"1,366,708,453.15",43234
80,13-Dec-2019,EQ,147.6,150.7,147.6,144.0,149.45,149.4,149.35,213.3,125.3,20297117,"3,031,327,645.80",121315
81,12-Dec-2019,EQ,140.0,144.8,139.0,138.5,143.65,144.0,143.03,213.3,125.3,12648825,"1,809,142,866.80",94973
82,11-Dec-2019,EQ,141.65,142.15,136.55,140.85,139.05,138.5,139.08,213.3,125.3,9011644,"1,253,311,602.90",58385
83,10-Dec-2019,EQ,143.2,143.3,140.4,142.6,140.85,140.85,141.76,213.3,125.3,5793363,"821,263,496.40",40404
84,09-Dec-2019,EQ,142.7,145.5,142.1,141.95,142.7,142.6,143.76,213.3,125.3,8174769,"1,175,165,571.10",39948
85,06-Dec-2019,EQ,143.3,144.35,140.6,142.5,142.0,141.95,142.2,213.3,125.3,6580597,"935,778,989.05",31956
86,05-Dec-2019,EQ,145.0,145.1,141.4,144.2,142.15,142.5,143.07,213.3,125.3,8652671,"1,237,967,448.35",40114
87,04-Dec-2019,EQ,138.2,144.75,136.7,139.7,143.9,144.2,140.88,213.3,125.3,16157084,"2,276,145,005.05",76900
88,03-Dec-2019,EQ,144.5,144.5,139.2,144.7,140.15,139.7,140.83,213.3,125.3,11274419,"1,587,780,199.60",54397
89,02-Dec-2019,EQ,144.6,146.4,143.95,144.6,144.35,144.7,144.97,213.3,125.3,9791687,"1,419,515,684.05",41228
90,29-Nov-2019,EQ,146.1,148.4,144.0,147.4,144.3,144.6,145.81,213.3,125.3,8531814,"1,244,001,478.55",37920
91,28-Nov-2019,EQ,146.7,148.2,145.1,146.95,147.35,147.4,146.57,213.3,125.3,8002957,"1,172,977,602.35",48764
92,27-Nov-2019,EQ,145.0,148.8,144.65,145.1,146.4,146.95,147.15,213.3,125.3,8923473,"1,313,094,177.95",50458
93,26-Nov-2019,EQ,147.0,147.5,143.6,146.15,144.8,145.1,145.34,213.3,125.3,14715876,"2,138,831,128.25",60732
94,25-Nov-2019,EQ,142.25,146.85,142.1,142.25,145.6,146.15,145.45,213.3,125.3,13356348,"1,942,657,407.70",64423
95,22-Nov-2019,EQ,139.5,142.85,138.7,139.05,142.1,142.25,140.95,213.3,125.3,10173301,"1,433,946,453.30",51276
96,21-Nov-2019,EQ,142.0,142.35,138.8,141.45,139.0,139.05,140.39,213.3,125.3,11986660,"1,682,765,499.15",53952
97,20-Nov-2019,EQ,141.35,143.8,140.4,141.7,141.05,141.45,142.16,213.3,125.3,14546763,"2,067,925,150.60",66166
98,19-Nov-2019,EQ,143.75,143.9,140.4,143.4,142.3,141.7,141.61,213.3,125.3,11847416,"1,677,722,843.20",55611
99,18-Nov-2019,EQ,143.0,144.9,142.4,142.1,143.75,143.4,143.66,213.3,125.3,12285871,"1,764,977,928.95",50226
100,15-Nov-2019,EQ,145.8,146.15,141.7,144.0,142.1,142.1,143.39,213.3,125.3,17581870,"2,521,131,894.70",74494
101,14-Nov-2019,EQ,150.0,150.5,142.75,148.4,144.5,144.0,145.57,213.3,125.3,26065437,"3,794,311,256.25",119524
102,13-Nov-2019,EQ,152.4,154.45,147.65,152.7,147.7,148.4,151.27,213.3,125.3,12134093,"1,835,514,442.70",58805
103,11-Nov-2019,EQ,155.35,156.25,152.2,155.5,152.5,152.7,153.67,213.3,125.3,10071390,"1,547,621,803.60",46426
104,08-Nov-2019,EQ,160.2,161.8,155.0,160.95,155.7,155.5,159.22,227.75,125.3,14502611,"2,309,135,412.05",63140
105,07-Nov-2019,EQ,158.95,163.0,155.35,157.95,160.85,160.95,159.27,227.75,125.3,15683045,"2,497,847,945.25",79443
106,06-Nov-2019,EQ,157.0,161.15,156.7,157.5,157.45,157.95,158.76,227.75,125.3,12911295,"2,049,836,600.55",111910
107,05-Nov-2019,EQ,159.6,160.9,156.2,157.6,157.5,157.5,158.4,227.75,125.3,13732684,"2,175,206,132.10",84449
108,04-Nov-2019,EQ,156.55,161.2,156.0,153.05,157.2,157.6,158.78,227.75,125.3,26458173,"4,200,936,555.35",148408
109,01-Nov-2019,EQ,148.45,155.0,146.7,148.35,154.0,153.05,150.4,227.75,125.3,21310225,"3,205,159,232.15",94803
110,31-Oct-2019,EQ,151.0,151.2,147.05,150.1,148.5,148.35,149.62,227.75,125.3,14829460,"2,218,747,545.15",64597
111,30-Oct-2019,EQ,151.45,151.6,149.35,149.5,150.8,150.1,150.7,227.75,125.3,14348160,"2,162,317,868.70",83323
112,29-Oct-2019,EQ,145.55,152.5,145.55,144.65,149.0,149.5,150.18,227.75,125.3,18348776,"2,755,570,044.05",121166
113,27-Oct-2019,EQ,144.1,145.15,143.35,142.2,145.1,144.65,144.38,227.75,125.3,1765530,"254,913,581.85",9547
114,25-Oct-2019,EQ,145.95,146.9,141.6,145.7,142.45,142.2,144.15,227.75,125.3,11787504,"1,699,164,307.65",91707
115,24-Oct-2019,EQ,147.0,148.6,145.0,146.25,146.1,145.7,146.81,227.75,125.3,11714667,"1,719,796,843.15",66200
116,23-Oct-2019,EQ,149.0,150.0,145.5,149.15,145.9,146.25,147.18,227.75,125.3,9045790,"1,331,377,435.95",64130
117,22-Oct-2019,EQ,150.6,151.95,147.2,150.25,149.1,149.15,150.11,227.75,125.3,8487404,"1,274,053,305.00",61334
118,18-Oct-2019,EQ,148.4,152.2,147.8,148.3,149.75,150.25,150.39,227.75,125.3,10985219,"1,652,120,920.80",57204
119,17-Oct-2019,EQ,148.05,149.7,144.75,149.9,148.45,148.3,146.7,227.75,125.3,18475493,"2,710,272,601.65",126020
120,16-Oct-2019,EQ,153.75,153.8,149.15,153.5,149.7,149.9,150.3,227.75,125.3,12056082,"1,812,054,032.25",73672
121,15-Oct-2019,EQ,147.15,155.9,144.5,147.8,153.75,153.5,150.75,227.75,125.3,17789048,"2,681,705,562.85",77515
122,14-Oct-2019,EQ,148.75,152.8,147.0,147.05,147.2,147.8,150.42,227.75,125.3,12919085,"1,943,257,054.45",66902
123,11-Oct-2019,EQ,142.55,148.2,141.15,141.15,146.7,147.05,145.61,228.25,125.3,20089933,"2,925,255,016.05",90455
124,10-Oct-2019,EQ,143.9,145.5,140.5,145.7,141.0,141.15,143.06,228.25,125.3,8466309,"1,211,229,145.45",51409
125,09-Oct-2019,EQ,142.0,146.5,141.15,142.65,146.2,145.7,144.35,228.25,125.3,6695090,"966,439,884.45",43357
126,07-Oct-2019,EQ,144.0,145.7,141.5,143.3,142.3,142.65,143.73,228.25,125.3,7480593,"1,075,199,262.35",48791
127,04-Oct-2019,EQ,145.75,147.05,142.5,144.4,142.9,143.3,145.12,246.9,125.3,7816113,"1,134,297,957.00",53357
128,03-Oct-2019,EQ,149.0,149.0,143.3,151.3,144.25,144.4,146.0,246.9,125.3,13962779,"2,038,598,754.80",105149
129,01-Oct-2019,EQ,154.4,156.1,145.3,154.15,151.35,151.3,151.98,246.9,125.3,9430842,"1,433,306,215.70",57634
130,30-Sep-2019,EQ,155.6,156.0,151.25,157.25,153.9,154.15,153.33,246.9,125.3,11868637,"1,819,818,245.85",77150
131,27-Sep-2019,EQ,165.5,165.5,156.3,166.1,156.65,157.25,158.81,246.9,125.3,14867094,"2,361,107,321.80",82777
132,26-Sep-2019,EQ,157.2,167.0,156.4,156.2,166.95,166.1,163.47,246.9,125.3,31706679,"5,183,201,616.70",116474
133,25-Sep-2019,EQ,157.0,158.5,152.75,159.95,155.7,156.2,156.15,246.9,125.3,7214137,"1,126,464,471.30",71048
134,24-Sep-2019,EQ,158.25,162.15,156.7,157.9,159.65,159.95,160.16,246.9,125.3,12039429,"1,928,212,300.85",95049
135,23-Sep-2019,EQ,164.0,165.05,155.2,158.95,158.25,157.9,160.51,246.9,125.3,14441035,"2,317,980,148.25",107175
136,20-Sep-2019,EQ,147.6,161.4,145.5,146.15,158.1,158.95,155.41,246.9,125.3,23167808,"3,600,513,153.10",130633
137,19-Sep-2019,EQ,149.0,150.1,142.0,149.7,146.5,146.15,145.77,246.9,125.3,8905979,"1,298,222,147.45",64636
138,18-Sep-2019,EQ,146.0,150.5,145.1,145.4,150.0,149.7,148.49,246.9,125.3,12067032,"1,791,819,236.15",62616
139,17-Sep-2019,EQ,149.8,153.2,144.45,148.65,146.0,145.4,149.41,246.9,125.3,16299407,"2,435,289,388.00",102865
140,16-Sep-2019,EQ,147.95,151.0,147.15,149.3,149.1,148.65,148.54,246.9,125.3,8496144,"1,261,985,878.15",49908
141,13-Sep-2019,EQ,146.0,150.15,143.55,145.45,149.5,149.3,146.5,246.9,125.3,7364480,"1,078,924,333.20",43031
142,12-Sep-2019,EQ,146.9,147.9,144.5,146.3,145.25,145.45,146.01,246.9,125.3,6713704,"980,284,840.85",42693
143,11-Sep-2019,EQ,144.9,147.0,143.4,141.25,146.0,146.3,145.18,246.9,125.3,10023394,"1,455,184,810.45",78645
144,09-Sep-2019,EQ,141.95,143.8,139.2,141.8,141.3,141.25,141.51,246.9,125.3,7617972,"1,078,028,725.60",56240
145,06-Sep-2019,EQ,140.3,143.0,138.85,139.3,142.0,141.8,140.65,246.9,125.3,7956853,"1,119,151,886.05",43328
146,05-Sep-2019,EQ,139.1,142.5,138.3,136.7,139.3,139.3,140.19,246.9,125.3,10281615,"1,441,351,323.40",67188
147,04-Sep-2019,EQ,135.0,137.6,132.5,134.15,136.7,136.7,135.69,246.9,125.3,9615169,"1,304,708,363.55",59689
148,03-Sep-2019,EQ,139.25,139.3,133.55,139.15,134.2,134.15,136.25,246.9,125.3,8146883,"1,110,028,117.75",47280
149,30-Aug-2019,EQ,137.65,140.6,135.0,135.75,140.2,139.15,138.82,246.9,125.3,20341975,"2,823,949,974.55",104284
150,29-Aug-2019,EQ,132.7,137.95,130.8,132.35,135.8,135.75,135.21,246.9,125.3,14378990,"1,944,226,029.95",96524
151,28-Aug-2019,EQ,138.1,138.45,131.6,138.1,132.9,132.35,133.91,246.9,125.3,8697082,"1,164,643,099.00",55459
152,27-Aug-2019,EQ,136.7,138.95,134.85,135.05,138.05,138.1,137.27,246.9,125.3,12205592,"1,675,487,622.15",88627
153,26-Aug-2019,EQ,136.5,137.8,129.6,137.4,134.25,135.05,132.95,246.9,125.3,15862333,"2,108,867,514.30",103119
154,23-Aug-2019,EQ,129.3,138.35,127.55,129.05,136.4,137.4,134.82,246.9,125.3,16357720,"2,205,310,298.65",84266
155,22-Aug-2019,EQ,138.6,138.9,125.3,139.95,129.3,129.05,131.67,246.9,125.3,18923757,"2,491,740,772.10",97343
156,21-Aug-2019,EQ,141.1,141.7,138.05,142.4,140.05,139.95,139.44,246.9,134.45,8264015,"1,152,311,889.95",40894
157,20-Aug-2019,EQ,143.8,144.85,141.6,144.3,142.1,142.4,143.2,246.9,134.45,5974495,"855,527,480.65",40327
158,19-Aug-2019,EQ,145.4,146.15,142.25,144.4,144.2,144.3,144.22,246.9,134.45,6189406,"892,654,985.45",36304
159,16-Aug-2019,EQ,144.35,145.7,140.95,146.55,144.1,144.4,143.47,246.9,134.45,10374454,"1,488,455,301.60",76312
160,14-Aug-2019,EQ,140.6,148.1,140.6,139.75,145.5,146.55,145.69,246.9,134.45,15672869,"2,283,381,990.90",85605
161,13-Aug-2019,EQ,138.0,142.9,136.45,141.5,139.8,139.75,139.99,246.9,134.45,12052449,"1,687,173,430.55",61049
162,09-Aug-2019,EQ,139.0,144.8,138.4,138.7,141.5,141.5,142.55,246.9,134.45,13464098,"1,919,268,462.75",72946
163,08-Aug-2019,EQ,137.0,139.0,134.8,136.65,138.2,138.7,137.46,246.9,134.45,7940096,"1,091,463,681.60",55266
164,07-Aug-2019,EQ,140.0,141.2,136.05,140.8,136.45,136.65,138.72,246.9,134.45,8696881,"1,206,461,335.25",55738
165,06-Aug-2019,EQ,139.3,143.8,138.3,140.7,140.05,140.8,141.23,246.9,134.45,11754023,"1,660,071,235.45",85235
166,05-Aug-2019,EQ,140.3,142.8,134.45,143.0,140.7,140.7,139.29,246.9,134.45,12989610,"1,809,336,402.05",87621
167,02-Aug-2019,EQ,141.9,145.0,139.25,145.45,142.3,143.0,142.11,246.9,139.25,16346941,"2,323,017,744.00",110993
168,01-Aug-2019,EQ,152.2,152.4,144.0,154.1,145.45,145.45,146.95,246.9,144.0,17870111,"2,626,065,865.25",105320
169,31-Jul-2019,EQ,150.35,154.65,148.1,150.6,153.65,154.1,151.67,246.9,145.8,13730987,"2,082,605,090.25",81334
170,30-Jul-2019,EQ,155.5,159.0,149.8,155.65,151.0,150.6,153.86,246.9,145.8,15109871,"2,324,749,217.00",95078
171,29-Jul-2019,EQ,165.0,165.5,155.05,164.1,155.4,155.65,157.76,246.9,145.8,14681724,"2,316,129,364.70",93924
172,26-Jul-2019,EQ,175.1,175.9,162.75,171.45,164.1,164.1,167.31,246.9,145.8,23645819,"3,956,098,844.45",120362
173,25-Jul-2019,EQ,164.85,172.7,164.25,165.05,172.4,171.45,168.85,246.9,145.8,19724263,"3,330,369,606.40",102174
174,24-Jul-2019,EQ,168.0,168.4,160.8,168.1,165.0,165.05,163.45,246.9,145.8,9396709,"1,535,881,166.80",52460
175,23-Jul-2019,EQ,167.35,168.4,164.75,167.25,168.1,168.1,167.18,246.9,145.8,8409760,"1,405,919,977.70",63536
176,22-Jul-2019,EQ,161.3,168.75,161.3,161.25,167.85,167.25,166.85,246.9,145.8,17654993,"2,945,684,621.95",110448
177,19-Jul-2019,EQ,164.05,165.85,160.6,163.05,162.0,161.25,162.85,246.9,145.8,6974005,"1,135,731,745.25",47275
178,18-Jul-2019,EQ,167.55,167.7,162.1,168.65,163.6,163.05,164.32,246.9,145.8,6825281,"1,121,541,448.50",55037
179,17-Jul-2019,EQ,167.6,169.1,166.8,166.9,168.35,168.65,168.16,246.9,145.8,5060979,"851,038,436.65",34904
180,16-Jul-2019,EQ,166.65,170.2,166.0,166.75,166.7,166.9,167.77,246.9,145.8,7442937,"1,248,711,125.25",52764
181,15-Jul-2019,EQ,167.75,167.75,162.65,167.65,166.95,166.75,165.1,246.9,145.8,7436769,"1,227,811,954.10",44685
182,12-Jul-2019,EQ,164.1,168.65,162.35,163.65,167.6,167.65,166.25,246.9,145.8,10129958,"1,684,090,522.15",62772
183,11-Jul-2019,EQ,162.5,165.2,160.8,160.0,164.3,163.65,163.05,246.9,145.8,9936532,"1,620,166,083.05",59622
184,10-Jul-2019,EQ,161.4,162.1,156.75,161.5,160.25,160.0,159.33,246.9,145.8,5831061,"929,077,138.30",47406
185,09-Jul-2019,EQ,161.9,163.6,160.0,161.95,161.75,161.5,161.57,246.9,145.8,5086798,"821,851,367.00",32765
186,08-Jul-2019,EQ,163.0,165.2,160.85,163.65,162.55,161.95,162.64,246.9,145.8,5407752,"879,497,575.25",46626
187,05-Jul-2019,EQ,171.4,171.4,163.1,171.05,164.0,163.65,166.4,246.9,145.8,7559631,"1,257,955,193.10",54307
188,04-Jul-2019,EQ,173.6,174.2,170.2,172.7,170.95,171.05,172.27,246.9,145.8,5479013,"943,867,829.00",44881
189,03-Jul-2019,EQ,174.45,174.45,170.0,174.65,172.25,172.7,171.92,246.9,145.8,9413540,"1,618,367,782.15",57763
190,02-Jul-2019,EQ,173.95,175.85,171.25,174.05,174.35,174.65,173.76,246.9,145.8,6147061,"1,068,092,365.75",39559
191,01-Jul-2019,EQ,177.0,177.15,172.55,174.35,173.95,174.05,174.51,246.9,145.8,6528994,"1,139,383,091.40",49112
192,28-Jun-2019,EQ,176.75,177.6,172.35,176.85,174.3,174.35,174.43,246.9,145.8,6719688,"1,172,086,679.90",43636
193,27-Jun-2019,EQ,179.0,180.0,176.25,177.85,176.75,176.85,177.79,246.9,145.8,12296851,"2,186,315,761.75",65858
194,26-Jun-2019,EQ,169.1,179.35,168.75,170.35,179.0,177.85,173.2,246.9,145.8,11144849,"1,930,247,787.40",68875
195,25-Jun-2019,EQ,168.15,171.5,167.0,168.45,170.2,170.35,169.98,246.9,145.8,11563811,"1,965,652,609.80",78416
196,24-Jun-2019,EQ,172.5,173.4,167.0,172.4,169.05,168.45,169.22,246.9,145.8,8439464,"1,428,106,752.15",49106
197,21-Jun-2019,EQ,171.95,173.85,170.95,172.0,172.65,172.4,172.43,246.9,145.8,10322918,"1,779,981,557.60",70850
198,20-Jun-2019,EQ,168.9,172.5,166.5,168.5,171.9,172.0,170.18,246.9,145.8,10480809,"1,783,595,763.15",65539
199,19-Jun-2019,EQ,170.55,172.9,166.3,168.1,168.85,168.5,169.54,246.9,145.8,11119753,"1,885,241,832.40",61543
200,18-Jun-2019,EQ,164.0,169.3,164.0,164.05,168.15,168.1,167.33,246.9,145.8,9005602,"1,506,879,630.00",75273
201,17-Jun-2019,EQ,168.95,168.95,163.25,169.55,164.1,164.05,164.94,246.9,145.8,6279475,"1,035,731,076.40",44071
202,14-Jun-2019,EQ,168.5,171.4,167.6,168.45,168.75,169.55,169.81,248.0,145.8,6333115,"1,075,413,601.85",41745
203,13-Jun-2019,EQ,170.0,170.55,165.2,170.1,169.3,168.45,167.22,248.0,145.8,6506549,"1,088,035,423.25",56292
204,12-Jun-2019,EQ,168.95,173.3,168.35,169.35,170.55,170.1,170.88,248.0,145.8,10815886,"1,848,211,070.80",66874
205,11-Jun-2019,EQ,166.1,169.9,165.5,165.2,169.2,169.35,168.74,248.0,145.8,9750308,"1,645,276,762.40",57435
206,10-Jun-2019,EQ,167.1,168.3,163.3,164.2,165.1,165.2,165.77,248.0,145.8,6315883,"1,046,974,974.00",43327
207,07-Jun-2019,EQ,163.2,167.85,162.55,163.1,164.35,164.2,165.49,256.5,145.8,8481061,"1,403,568,799.90",55325
208,06-Jun-2019,EQ,165.9,166.35,160.8,165.9,163.0,163.1,163.1,256.5,145.8,9237166,"1,506,544,889.50",50435
209,04-Jun-2019,EQ,164.3,167.7,164.0,164.2,165.85,165.9,165.82,256.5,145.8,7576919,"1,256,403,356.70",58836
210,03-Jun-2019,EQ,160.45,165.0,159.3,160.55,164.2,164.2,162.53,256.5,145.8,6115391,"993,947,042.65",40377
211,31-May-2019,EQ,164.85,165.5,158.5,164.0,160.5,160.55,161.14,258.4,145.8,13343850,"2,150,238,371.45",76866
212,30-May-2019,EQ,165.25,166.4,162.5,165.85,164.1,164.0,164.18,258.4,145.8,8001993,"1,313,770,925.15",55901
213,29-May-2019,EQ,168.5,168.75,163.65,169.55,165.6,165.85,165.53,258.4,145.8,9021985,"1,493,430,553.40",68903
214,28-May-2019,EQ,166.5,171.7,165.75,166.5,168.2,169.55,169.28,258.4,145.8,57384687,"9,713,811,508.40",181982
215,27-May-2019,EQ,164.45,167.8,163.0,163.9,166.4,166.5,165.52,258.4,145.8,6546389,"1,083,556,333.65",60759
216,24-May-2019,EQ,159.0,164.6,155.55,157.35,164.4,163.9,159.82,273.25,145.8,10456712,"1,671,202,396.20",106535
217,23-May-2019,EQ,168.45,168.45,156.0,166.3,157.0,157.35,162.42,273.25,145.8,14249085,"2,314,306,736.75",89818
218,22-May-2019,EQ,165.45,167.9,164.7,165.45,166.5,166.3,166.44,273.25,145.8,6597051,"1,098,009,771.50",58022
219,21-May-2019,EQ,168.4,168.75,163.8,167.1,165.4,165.45,165.58,273.25,145.8,7394826,"1,224,430,012.25",75860
220,20-May-2019,EQ,165.0,168.0,164.0,160.95,167.0,167.1,166.53,273.25,145.8,7540373,"1,255,679,051.75",71288
221,17-May-2019,EQ,163.15,164.3,159.35,163.5,160.75,160.95,161.06,288.35,145.8,8405798,"1,353,850,093.10",66783
222,16-May-2019,EQ,161.3,164.1,158.85,160.05,163.15,163.5,161.27,288.35,145.8,8828869,"1,423,838,620.95",121272
223,15-May-2019,EQ,161.7,163.2,159.2,160.75,159.55,160.05,161.71,288.35,145.8,11518834,"1,862,682,606.00",84232
224,14-May-2019,EQ,153.3,161.85,153.3,154.2,161.35,160.75,158.35,288.35,145.8,20739113,"3,283,971,008.95",105122
225,13-May-2019,EQ,156.3,157.95,152.8,155.95,153.6,154.2,155.05,288.35,145.8,7263166,"1,126,177,673.05",56438
226,10-May-2019,EQ,158.4,159.55,153.85,157.15,155.4,155.95,156.48,290.4,145.8,8803987,"1,377,663,911.70",88570
227,09-May-2019,EQ,159.0,160.5,156.65,159.4,157.45,157.15,158.32,290.4,145.8,6761852,"1,070,524,093.85",62295
228,08-May-2019,EQ,160.5,163.45,156.0,163.5,160.3,159.4,159.2,290.4,145.8,26136247,"4,160,887,775.95",169538
229,07-May-2019,EQ,167.3,170.25,162.5,166.75,162.55,163.5,166.86,290.4,145.8,12885013,"2,150,002,596.60",88211
230,06-May-2019,EQ,164.0,168.25,163.05,167.7,166.3,166.75,165.9,290.4,145.8,6683022,"1,108,694,110.20",45210
231,03-May-2019,EQ,168.7,169.0,165.8,168.3,167.7,167.7,167.49,302.25,145.8,5109761,"855,855,211.75",43804
232,02-May-2019,EQ,165.9,169.2,164.2,166.85,168.3,168.3,167.62,302.25,145.8,9231942,"1,547,427,340.90",57909
233,30-Apr-2019,EQ,170.0,170.35,163.5,169.7,167.35,166.85,165.74,302.25,145.8,11940661,"1,979,015,305.80",74320
234,26-Apr-2019,EQ,171.5,172.7,168.0,170.45,169.7,169.7,170.34,311.45,145.8,14527641,"2,474,605,075.15",85395
235,25-Apr-2019,EQ,174.6,175.25,170.0,174.8,170.35,170.45,171.94,311.45,145.8,7201390,"1,238,228,029.00",56948
236,24-Apr-2019,EQ,174.95,176.0,171.05,174.8,175.0,174.8,173.02,311.45,145.8,6493237,"1,123,487,144.10",56813
237,23-Apr-2019,EQ,175.2,176.35,174.0,175.0,174.7,174.8,175.14,311.45,145.8,4511939,"790,228,704.15",29375
238,22-Apr-2019,EQ,178.9,179.45,174.7,178.6,175.25,175.0,176.55,311.45,145.8,5178537,"914,255,314.80",38164
239,18-Apr-2019,EQ,185.3,186.9,178.0,184.95,178.4,178.6,180.01,313.5,145.8,10531473,"1,895,740,816.25",84088
240,16-Apr-2019,EQ,185.2,189.75,184.3,184.7,185.0,184.95,186.76,313.5,145.8,7726060,"1,442,929,355.80",68520
241,15-Apr-2019,EQ,184.9,187.95,183.7,183.9,185.35,184.7,185.8,313.5,145.8,6503139,"1,208,306,532.15",54808
242,12-Apr-2019,EQ,181.45,184.5,179.7,181.15,183.8,183.9,182.21,313.5,145.8,7716220,"1,405,946,168.45",52957
243,11-Apr-2019,EQ,188.45,188.45,179.4,188.5,181.35,181.15,181.85,313.5,145.8,17571817,"3,195,471,582.10",110111
244,10-Apr-2019,EQ,188.9,191.75,185.55,190.0,189.0,188.5,188.79,313.5,145.8,10063947,"1,899,959,510.60",55956
245,09-Apr-2019,EQ,186.9,190.95,184.1,186.65,190.0,190.0,187.48,313.5,145.8,8889015,"1,666,553,681.65",80346
246,08-Apr-2019,EQ,194.1,195.1,185.2,191.7,186.55,186.65,189.36,313.5,145.8,10956365,"2,074,668,753.00",81548
247,05-Apr-2019,EQ,188.7,192.3,186.7,187.2,192.1,191.7,190.08,313.5,145.8,7281070,"1,384,020,472.20",53698
248,04-Apr-2019,EQ,185.25,189.15,183.4,185.8,187.55,187.2,186.33,313.5,145.8,6366506,"1,186,302,538.35",47310
249,03-Apr-2019,EQ,188.8,191.0,185.05,187.9,185.6,185.8,188.62,313.5,145.8,5974559,"1,126,902,170.85",46529
250,02-Apr-2019,EQ,190.6,190.8,186.35,188.9,188.1,187.9,188.71,313.5,145.8,8097137,"1,528,002,805.05",68912
251,01-Apr-2019,EQ,187.4,193.4,187.0,184.45,188.45,188.9,191.4,313.5,145.8,15788197,"3,021,911,639.00",135815
252,29-Mar-2019,EQ,178.6,185.4,178.55,178.05,184.8,184.45,183.66,313.5,145.8,16393058,"3,010,735,288.85",114023
253,28-Mar-2019,EQ,177.0,178.95,175.65,175.45,177.95,178.05,177.53,313.5,145.8,9758852,"1,732,456,800.05",80033
254,27-Mar-2019,EQ,175.3,177.25,173.4,173.6,174.7,175.45,175.54,313.5,145.8,8484488,"1,489,399,481.70",54791
255,26-Mar-2019,EQ,170.0,174.35,169.0,168.25,174.25,173.6,172.12,313.5,145.8,8106156,"1,395,256,890.50",51963
256,25-Mar-2019,EQ,170.7,171.0,167.75,173.9,168.2,168.25,169.05,313.5,145.8,8243613,"1,393,571,337.65",54346
257,22-Mar-2019,EQ,174.2,176.6,173.05,174.55,173.2,173.9,174.95,313.6,145.8,6311803,"1,104,245,976.30",44789
258,20-Mar-2019,EQ,174.25,175.45,172.55,172.7,174.0,174.55,174.23,313.6,145.8,5703096,"993,674,901.30",43510
259,19-Mar-2019,EQ,172.1,175.2,171.55,173.3,172.9,172.7,173.21,313.6,145.8,8901871,"1,541,866,646.30",47819
260,18-Mar-2019,EQ,175.0,175.0,171.85,175.7,173.35,173.3,173.21,313.6,145.8,5902016,"1,022,313,368.45",40225
261,15-Mar-2019,EQ,173.2,176.5,170.2,173.6,175.0,175.7,174.82,324.0,145.8,18224411,"3,185,927,085.45",56993
262,14-Mar-2019,EQ,171.7,174.7,171.4,171.6,173.5,173.6,173.21,324.0,145.8,6517558,"1,128,924,446.15",39875
263,13-Mar-2019,EQ,178.0,178.3,171.0,178.45,172.0,171.6,172.86,324.0,145.8,9768953,"1,688,657,721.35",59763
264,12-Mar-2019,EQ,178.9,180.35,177.3,177.1,178.3,178.45,179.01,324.0,145.8,10456226,"1,871,783,511.90",57975
265,11-Mar-2019,EQ,174.0,178.75,172.55,172.35,176.65,177.1,176.62,324.0,145.8,9043700,"1,597,315,874.65",57755
266,08-Mar-2019,EQ,174.8,174.8,171.25,176.05,172.15,172.35,172.95,327.45,145.8,5797559,"1,002,701,239.80",50549
267,07-Mar-2019,EQ,178.95,178.95,172.6,178.5,175.85,176.05,175.34,327.45,145.8,9472601,"1,660,950,270.25",69437
268,06-Mar-2019,EQ,177.65,180.0,176.1,174.95,178.6,178.5,178.41,327.45,145.8,11031028,"1,968,084,155.90",77476
269,05-Mar-2019,EQ,172.95,176.4,172.4,173.45,174.5,174.95,174.81,327.45,145.8,7667267,"1,340,284,469.00",95591
270,01-Mar-2019,EQ,172.45,174.8,172.0,169.4,173.6,173.45,173.21,345.0,145.8,11885411,"2,058,676,137.65",88270
271,28-Feb-2019,EQ,166.5,171.45,164.2,164.65,170.7,169.4,168.86,345.0,145.8,39036727,"6,591,693,799.25",120002
272,27-Feb-2019,EQ,170.0,171.45,163.7,169.7,164.1,164.65,166.8,345.0,145.8,11006707,"1,835,921,679.60",77459
273,26-Feb-2019,EQ,168.7,171.25,164.0,171.25,169.4,169.7,168.27,345.0,145.8,13247683,"2,229,228,586.70",77608
274,25-Feb-2019,EQ,171.0,171.8,167.4,169.65,170.9,171.25,170.22,345.0,145.8,10996421,"1,871,772,823.65",85058
275,22-Feb-2019,EQ,164.45,170.0,163.6,164.6,169.65,169.65,167.83,345.0,145.8,14190345,"2,381,636,044.50",84174
276,21-Feb-2019,EQ,161.7,165.6,160.3,160.25,164.4,164.6,163.68,345.0,145.8,14635838,"2,395,524,609.40",109841
277,20-Feb-2019,EQ,154.0,160.9,154.0,153.1,160.2,160.25,158.39,345.0,145.8,17251557,"2,732,406,448.35",110611
278,19-Feb-2019,EQ,148.1,154.4,147.85,148.0,152.95,153.1,152.07,345.0,145.8,12575548,"1,912,359,910.30",74635
279,18-Feb-2019,EQ,148.85,151.15,146.65,147.3,147.95,148.0,148.53,345.0,145.8,14282136,"2,121,280,307.10",79516
280,15-Feb-2019,EQ,151.05,151.2,145.8,151.75,147.55,147.3,148.06,345.0,145.8,14116428,"2,090,051,721.80",77079
281,14-Feb-2019,EQ,150.5,153.0,149.15,150.7,152.0,151.75,151.07,345.0,147.05,9962977,"1,505,090,257.55",59494
282,13-Feb-2019,EQ,153.9,154.85,150.15,152.85,150.45,150.7,152.52,345.0,147.05,7375452,"1,124,879,245.55",59541
283,12-Feb-2019,EQ,151.9,157.95,150.7,152.15,152.9,152.85,154.94,345.0,147.05,14116882,"2,187,308,150.10",102965
284,11-Feb-2019,EQ,153.7,155.2,147.05,154.15,151.8,152.15,151.2,345.0,147.05,18188741,"2,750,104,548.35",96930
285,08-Feb-2019,EQ,162.3,162.4,149.7,163.45,154.6,154.15,155.88,345.0,149.7,21667191,"3,377,411,406.75",169512
286,07-Feb-2019,EQ,162.95,165.65,161.8,163.75,163.1,163.45,163.43,345.0,156.5,9437018,"1,542,294,517.55",51112
287,06-Feb-2019,EQ,163.35,165.0,157.75,162.6,164.75,163.75,161.89,345.0,156.5,13140943,"2,127,329,025.30",76993
288,05-Feb-2019,EQ,159.3,164.5,157.25,161.35,163.55,162.6,161.19,345.0,156.5,14352577,"2,313,550,779.60",87265
289,04-Feb-2019,EQ,162.8,165.0,156.5,162.15,162.35,161.35,160.82,345.0,156.5,24578563,"3,952,636,879.15",145270
290,01-Feb-2019,EQ,179.65,180.0,158.15,197.35,161.6,162.15,163.84,355.7,158.15,98562137,"16,148,506,691.70",616591
291,31-Jan-2019,EQ,195.5,198.25,193.8,194.1,197.95,197.35,196.57,355.7,186.65,13404228,"2,634,900,755.70",80475
292,30-Jan-2019,EQ,192.9,196.45,192.15,192.65,194.45,194.1,193.81,355.7,186.65,10015876,"1,941,214,273.40",96072
293,29-Jan-2019,EQ,191.5,193.85,189.4,191.5,192.65,192.65,191.77,355.7,186.65,6230069,"1,194,720,747.80",39067
294,28-Jan-2019,EQ,195.0,195.0,191.0,194.7,192.2,191.5,192.12,355.7,186.65,6045200,"1,161,421,417.15",51822
295,25-Jan-2019,EQ,195.1,196.4,192.55,193.5,195.0,194.7,194.49,355.7,186.65,6437316,"1,251,993,680.70",39682
296,24-Jan-2019,EQ,192.9,195.45,191.3,192.8,193.55,193.5,193.14,355.7,186.65,6195845,"1,196,657,857.05",35604
297,23-Jan-2019,EQ,191.5,195.0,190.6,191.5,192.5,192.8,193.01,355.7,186.65,7523951,"1,452,219,189.10",53230
298,22-Jan-2019,EQ,197.5,197.5,191.0,198.45,191.2,191.5,192.85,355.7,186.65,9901151,"1,909,481,411.75",64658
299,21-Jan-2019,EQ,200.1,200.5,197.65,198.7,198.1,198.45,198.76,355.7,186.65,6348706,"1,261,887,495.60",45040
300,18-Jan-2019,EQ,199.0,200.0,196.25,197.45,198.75,198.7,198.51,355.7,186.65,8307081,"1,649,058,893.55",73539
301,17-Jan-2019,EQ,197.25,198.25,195.4,196.3,196.85,197.45,197.05,355.7,186.65,6591718,"1,298,893,477.10",35085
302,16-Jan-2019,EQ,201.0,202.25,195.7,198.9,196.55,196.3,198.83,355.7,186.65,12554389,"2,496,141,331.45",70742
303,15-Jan-2019,EQ,193.85,199.8,193.35,193.05,198.8,198.9,197.22,355.7,186.65,9416350,"1,857,136,955.15",52918
304,14-Jan-2019,EQ,196.0,196.0,192.0,196.6,193.0,193.05,193.32,355.7,186.65,9059869,"1,751,492,240.45",84192
305,11-Jan-2019,EQ,195.5,198.3,195.0,195.45,196.7,196.6,196.76,355.7,186.65,8245755,"1,622,428,159.60",52613
306,10-Jan-2019,EQ,195.0,196.2,193.45,194.75,195.5,195.45,194.89,355.7,186.65,8256271,"1,609,042,788.10",39747
307,09-Jan-2019,EQ,197.95,198.0,192.0,195.65,195.05,194.75,194.77,355.7,186.65,11205333,"2,182,447,966.20",78137
308,08-Jan-2019,EQ,194.5,197.0,191.9,193.45,195.6,195.65,194.61,355.7,186.65,14295380,"2,782,046,514.80",79311
309,07-Jan-2019,EQ,196.1,198.65,192.5,192.9,193.6,193.45,195.45,355.7,186.65,11020289,"2,153,868,592.15",83855
310,04-Jan-2019,EQ,188.0,194.45,186.65,187.95,193.9,192.9,189.77,355.7,186.65,12883382,"2,444,896,326.95",83869
311,03-Jan-2019,EQ,193.7,195.0,187.55,193.15,188.5,187.95,191.06,355.7,187.55,13968283,"2,668,793,428.00",106623
312,02-Jan-2019,EQ,200.0,200.0,192.5,202.1,193.2,193.15,195.34,355.7,190.05,18935386,"3,698,800,208.05",164727
313,01-Jan-2019,EQ,202.5,202.85,200.35,202.2,202.5,202.1,201.52,355.7,190.05,3947501,"795,484,639.00",22172
314,31-Dec-2018,EQ,201.4,203.6,200.6,199.4,202.15,202.2,202.33,355.7,190.05,9580784,"1,938,503,473.45",79513
315,28-Dec-2018,EQ,197.65,200.65,197.0,195.85,199.9,199.4,199.19,355.7,190.05,8693150,"1,731,569,175.50",52458
316,27-Dec-2018,EQ,199.65,202.25,195.2,196.4,196.7,195.85,198.12,355.7,190.05,12890647,"2,553,866,039.75",72827
317,26-Dec-2018,EQ,195.95,197.65,193.05,196.4,196.75,196.4,195.06,355.7,190.05,9449698,"1,843,256,381.50",54821
318,24-Dec-2018,EQ,198.0,199.5,196.0,200.05,196.4,196.4,197.42,355.7,190.05,9951166,"1,964,532,979.60",71326
319,21-Dec-2018,EQ,204.5,204.55,199.15,202.75,199.85,200.05,201.51,355.7,190.05,14374440,"2,896,563,185.45",74852
320,20-Dec-2018,EQ,205.0,205.0,201.5,206.85,203.1,202.75,202.49,355.7,190.05,13958524,"2,826,443,832.85",79218
321,19-Dec-2018,EQ,209.8,209.95,205.65,208.55,206.75,206.85,207.31,355.7,190.05,11334523,"2,349,749,012.35",61516
322,18-Dec-2018,EQ,204.9,210.0,204.25,205.5,209.8,208.55,207.05,355.7,190.05,12509870,"2,590,138,494.90",68657
323,17-Dec-2018,EQ,212.8,213.3,204.6,201.6,205.4,205.5,207.98,355.7,190.05,27613999,"5,743,253,473.20",162244
324,14-Dec-2018,EQ,199.0,203.2,198.15,200.65,201.9,201.6,201.47,355.7,190.05,7637495,"1,538,691,315.25",56491
325,13-Dec-2018,EQ,201.0,202.8,198.3,199.3,200.4,200.65,200.68,355.7,190.05,10141845,"2,035,296,477.55",57239
326,12-Dec-2018,EQ,194.55,200.75,193.55,193.55,199.2,199.3,197.55,355.7,190.05,11215747,"2,215,715,250.95",78383
327,11-Dec-2018,EQ,191.9,195.0,190.05,192.55,194.0,193.55,192.71,355.7,190.05,12458158,"2,400,850,376.65",85788
328,10-Dec-2018,EQ,191.4,195.65,190.2,195.7,192.25,192.55,193.2,355.7,190.2,6766286,"1,307,252,407.10",50123
329,07-Dec-2018,EQ,197.95,198.3,193.0,195.35,195.55,195.7,195.15,355.7,190.2,9185719,"1,792,603,323.75",78001
330,06-Dec-2018,EQ,196.9,196.9,191.0,198.4,195.3,195.35,194.06,355.7,190.2,15693557,"3,045,569,830.65",123061
331,05-Dec-2018,EQ,202.35,204.45,197.45,206.2,198.1,198.4,200.45,355.7,190.2,12327914,"2,471,167,300.45",79257
332,04-Dec-2018,EQ,202.4,206.9,200.6,202.95,206.0,206.2,204.12,355.7,190.2,10559839,"2,155,439,287.15",66817
333,03-Dec-2018,EQ,201.5,205.35,201.0,195.85,202.95,202.95,203.41,355.7,190.2,16235433,"3,302,479,028.65",112083
334,30-Nov-2018,EQ,200.8,201.0,194.85,198.8,196.05,195.85,196.63,355.7,190.2,14713297,"2,893,103,294.15",126198
335,29-Nov-2018,EQ,196.5,201.9,196.25,192.95,198.5,198.8,199.15,355.7,190.2,16248210,"3,235,802,757.25",118607
336,28-Nov-2018,EQ,196.2,197.35,192.15,195.0,192.8,192.95,195.05,355.7,190.2,13300756,"2,594,373,894.40",98636
337,27-Nov-2018,EQ,193.85,199.7,190.2,195.8,194.75,195.0,194.47,355.7,190.2,21061915,"4,095,985,502.60",125731
338,26-Nov-2018,EQ,200.0,200.05,191.0,199.6,195.75,195.8,194.32,355.7,191.0,20552801,"3,993,922,371.75",136091
339,22-Nov-2018,EQ,203.9,204.6,199.0,201.9,199.65,199.6,201.29,355.7,198.25,12387967,"2,493,612,979.25",89215
340,21-Nov-2018,EQ,204.0,204.4,201.0,205.25,201.95,201.9,202.45,355.7,198.25,14273100,"2,889,587,504.20",96571
341,20-Nov-2018,EQ,210.25,210.9,200.0,211.35,205.1,205.25,206.32,355.7,198.25,18615840,"3,840,802,012.85",137908
342,19-Nov-2018,EQ,207.8,212.8,207.4,206.8,211.5,211.35,210.91,355.7,198.25,10878040,"2,294,305,535.45",75958
343,16-Nov-2018,EQ,208.0,209.0,205.55,207.55,206.8,206.8,207.25,355.7,198.25,7998497,"1,657,662,550.85",55374
344,15-Nov-2018,EQ,205.3,209.65,202.75,204.1,207.1,207.55,206.5,355.7,198.25,10248843,"2,116,380,970.00",72500
345,14-Nov-2018,EQ,206.5,207.9,203.55,205.6,203.8,204.1,205.76,355.7,198.25,7525220,"1,548,415,783.55",61139
346,13-Nov-2018,EQ,202.0,206.0,201.0,203.15,205.6,205.6,204.1,355.7,198.25,9244952,"1,886,872,377.70",77493
347,12-Nov-2018,EQ,209.75,210.9,202.25,209.05,202.85,203.15,205.71,355.7,198.25,11801858,"2,427,704,337.90",90283
348,09-Nov-2018,EQ,210.95,212.0,208.3,209.75,209.25,209.05,209.84,355.7,198.25,6868901,"1,441,395,222.45",52031
349,07-Nov-2018,EQ,209.6,211.95,209.1,207.4,210.0,209.75,209.92,355.7,198.25,2448864,"514,059,156.55",22452
350,06-Nov-2018,EQ,207.7,213.65,205.3,222.45,207.75,207.4,208.73,355.7,198.25,19834081,"4,139,906,643.10",172964
351,05-Nov-2018,EQ,225.45,227.75,220.8,225.9,223.1,222.45,224.13,355.7,198.25,13542401,"3,035,248,746.95",94511
352,02-Nov-2018,EQ,217.0,227.35,214.55,212.8,227.0,225.9,223.03,355.7,198.25,19722750,"4,398,687,192.15",114073
353,01-Nov-2018,EQ,213.0,215.4,208.0,211.15,213.4,212.8,212.66,355.7,198.25,17281051,"3,674,902,375.65",89419
354,31-Oct-2018,EQ,211.45,213.85,207.0,211.2,210.55,211.15,209.85,355.7,198.25,10731974,"2,252,084,616.95",82112
355,30-Oct-2018,EQ,212.6,216.4,210.0,211.4,211.45,211.2,212.8,355.7,198.25,10500891,"2,234,632,611.10",81635
356,29-Oct-2018,EQ,207.05,212.5,203.85,203.65,211.2,211.4,207.73,355.7,198.25,10870728,"2,258,167,979.90",71746
357,26-Oct-2018,EQ,204.85,207.45,199.0,204.6,203.75,203.65,203.41,355.7,198.25,12026230,"2,446,230,631.10",83369
358,25-Oct-2018,EQ,208.6,209.6,201.6,211.9,204.55,204.6,205.05,355.7,198.25,21349045,"4,377,572,978.45",105774
359,24-Oct-2018,EQ,212.2,214.0,208.3,210.35,213.05,211.9,211.38,355.7,198.25,8365420,"1,768,285,257.15",77470
360,23-Oct-2018,EQ,211.8,216.25,207.6,213.55,210.4,210.35,212.22,355.7,198.25,12100077,"2,567,899,727.25",73625
361,22-Oct-2018,EQ,213.05,219.25,207.85,211.1,212.9,213.55,214.22,355.7,198.25,13766095,"2,948,964,204.95",89209
362,19-Oct-2018,EQ,206.45,214.2,199.75,207.95,212.7,211.1,208.12,355.7,198.25,19958162,"4,153,710,392.55",138715
363,17-Oct-2018,EQ,215.4,216.45,206.65,212.45,208.7,207.95,210.98,355.7,198.25,8586330,"1,811,511,350.35",73096
364,16-Oct-2018,EQ,212.0,214.8,211.5,210.6,212.4,212.45,212.99,355.7,198.25,5405111,"1,151,224,170.50",42355
365,15-Oct-2018,EQ,216.9,216.9,208.65,214.3,211.0,210.6,211.87,355.7,198.25,14022679,"2,970,978,853.00",96846
366,12-Oct-2018,EQ,210.5,216.6,210.4,207.9,214.5,214.3,214.06,355.7,198.25,11697753,"2,504,043,561.45",99923
367,11-Oct-2018,EQ,208.15,217.75,200.0,218.15,208.75,207.9,210.7,355.7,198.25,16424058,"3,460,511,366.80",165929
368,10-Oct-2018,EQ,213.3,220.65,213.25,212.1,218.05,218.15,217.95,355.7,198.25,12774692,"2,784,221,310.10",108301
369,09-Oct-2018,EQ,208.0,216.5,204.05,206.75,212.15,212.1,211.43,355.7,198.25,17869475,"3,778,165,449.45",129988
370,08-Oct-2018,EQ,227.0,228.25,198.25,231.65,207.3,206.75,212.81,355.7,198.25,37293316,"7,936,494,048.40",210227
371,05-Oct-2018,EQ,237.0,241.5,226.1,239.4,229.7,231.65,233.02,355.7,200.65,17175345,"4,002,166,409.90",112432
372,04-Oct-2018,EQ,239.65,244.3,234.1,240.1,239.1,239.4,241.02,355.7,200.65,27385995,"6,600,508,661.95",121238
373,03-Oct-2018,EQ,232.7,246.9,232.15,232.65,240.45,240.1,239.73,355.7,200.65,36242984,"8,688,560,925.40",152941
374,01-Oct-2018,EQ,230.0,234.1,225.45,232.3,233.75,232.65,231.4,355.7,200.65,15971844,"3,695,834,993.15",78272
375,28-Sep-2018,EQ,241.25,242.8,227.1,240.65,232.35,232.3,232.51,355.7,200.65,20835004,"4,844,271,049.30",133241
376,27-Sep-2018,EQ,241.85,246.8,238.6,241.55,239.75,240.65,242.13,355.7,200.65,25137487,"6,086,494,990.45",132318
377,26-Sep-2018,EQ,231.1,245.0,229.7,230.4,241.55,241.55,235.26,355.7,200.65,40596440,"9,550,860,492.45",216690
378,25-Sep-2018,EQ,230.2,232.9,226.7,229.9,229.95,230.4,230.04,355.7,200.65,16770608,"3,857,903,641.00",103481
379,24-Sep-2018,EQ,232.5,237.55,228.25,230.45,230.25,229.9,232.66,355.7,200.65,20942520,"4,872,490,371.65",112310
380,21-Sep-2018,EQ,230.95,235.3,221.1,230.1,230.0,230.45,230.12,355.7,200.65,42361028,"9,747,928,789.95",146891
381,19-Sep-2018,EQ,230.75,232.35,227.0,230.15,230.0,230.1,230.11,355.7,200.65,18255648,"4,200,897,672.85",88176
382,18-Sep-2018,EQ,235.0,235.0,228.0,234.9,230.1,230.15,231.1,355.7,200.65,13228698,"3,057,196,729.45",87992
383,17-Sep-2018,EQ,235.45,237.75,232.15,235.6,235.5,234.9,234.93,355.7,200.65,13008924,"3,056,199,162.05",82976
384,14-Sep-2018,EQ,228.8,236.45,226.05,223.6,235.0,235.6,231.84,355.7,200.65,17674079,"4,097,577,697.75",122443
385,12-Sep-2018,EQ,220.75,225.8,219.0,219.65,223.35,223.6,222.46,355.7,200.65,8849353,"1,968,669,836.90",78492
386,11-Sep-2018,EQ,225.0,227.4,218.0,223.5,220.3,219.65,222.86,355.7,200.65,14276023,"3,181,522,420.35",81829
387,10-Sep-2018,EQ,233.0,233.8,222.2,230.25,222.5,223.5,227.74,355.7,200.65,18259846,"4,158,555,071.25",93068
388,07-Sep-2018,EQ,229.35,233.7,226.7,229.9,233.25,230.25,229.9,355.7,200.65,24336043,"5,594,739,895.10",79069
389,06-Sep-2018,EQ,230.95,230.95,225.7,229.45,229.85,229.9,229.19,355.7,200.65,13519245,"3,098,430,962.00",82648
390,05-Sep-2018,EQ,224.0,230.0,220.7,224.8,228.75,229.45,225.06,355.7,200.65,10415515,"2,344,150,427.80",88611
391,04-Sep-2018,EQ,228.65,229.6,221.65,228.45,225.1,224.8,224.48,355.7,200.65,11341666,"2,546,005,300.65",81741
392,03-Sep-2018,EQ,228.9,230.25,226.75,227.7,228.05,228.45,228.89,355.7,200.65,7897757,"1,807,697,845.05",46759
393,31-Aug-2018,EQ,229.0,230.6,224.0,230.0,228.3,227.7,227.3,355.7,200.65,15184001,"3,451,282,659.10",100565
394,30-Aug-2018,EQ,229.85,231.05,226.15,228.05,229.9,230.0,229.74,355.7,200.65,24136924,"5,545,102,547.55",90733
395,29-Aug-2018,EQ,233.4,238.25,227.35,230.3,227.95,228.05,232.59,355.7,200.65,31404401,"7,304,484,233.35",159603
396,28-Aug-2018,EQ,227.05,231.9,225.55,225.5,230.35,230.3,229.16,355.7,200.65,15432343,"3,536,490,593.25",128406
397,27-Aug-2018,EQ,225.95,227.5,222.5,224.05,225.4,225.5,225.55,355.7,200.65,9338893,"2,106,403,125.65",67038
398,24-Aug-2018,EQ,214.0,225.0,212.25,214.8,223.5,224.05,219.23,355.7,200.65,12032977,"2,638,007,449.05",78815
399,23-Aug-2018,EQ,218.5,218.5,212.05,218.85,215.2,214.8,214.45,355.7,200.65,9896492,"2,122,269,472.05",96855
400,21-Aug-2018,EQ,223.05,223.45,218.1,221.85,218.85,218.85,219.93,355.7,200.65,7890862,"1,735,409,095.75",62481
401,20-Aug-2018,EQ,216.9,222.8,215.6,215.2,221.65,221.85,219.45,355.7,200.65,10506489,"2,305,640,955.15",73856
402,17-Aug-2018,EQ,212.2,216.7,211.0,208.8,214.55,215.2,214.52,355.7,200.65,13308267,"2,854,893,658.25",105741
403,16-Aug-2018,EQ,208.0,210.9,205.35,215.1,209.0,208.8,208.38,355.7,200.65,14309862,"2,981,945,673.30",110601
404,14-Aug-2018,EQ,216.0,217.65,213.05,216.3,215.45,215.1,214.71,355.7,200.65,10074719,"2,163,171,043.20",68174
405,13-Aug-2018,EQ,218.4,218.4,213.5,223.7,216.1,216.3,215.9,355.7,200.65,12726787,"2,747,654,833.15",88999
406,10-Aug-2018,EQ,232.9,233.7,222.2,230.6,222.4,223.7,227.83,355.7,200.65,11685692,"2,662,369,084.80",74944
407,09-Aug-2018,EQ,225.95,232.5,222.0,224.8,230.55,230.6,227.51,355.7,200.65,12895636,"2,933,821,747.90",83233
408,08-Aug-2018,EQ,228.45,229.3,223.6,226.8,225.0,224.8,226.32,355.7,200.65,9371088,"2,120,858,037.35",67480
409,07-Aug-2018,EQ,225.0,230.75,223.5,224.35,226.8,226.8,226.96,355.7,200.65,16046724,"3,642,039,143.40",103296
410,06-Aug-2018,EQ,224.5,225.45,221.7,222.4,224.25,224.35,223.94,355.7,200.65,6347884,"1,421,570,637.55",59314
411,03-Aug-2018,EQ,215.05,223.7,214.85,214.15,222.95,222.4,220.59,355.7,200.65,18274236,"4,031,060,384.50",102788
412,02-Aug-2018,EQ,217.0,217.9,211.45,218.2,214.0,214.15,214.37,355.7,200.65,14319624,"3,069,726,935.40",117607
413,01-Aug-2018,EQ,219.8,229.0,216.2,222.2,217.95,218.2,222.25,355.7,200.65,14690496,"3,264,922,214.40",112519
414,31-Jul-2018,EQ,225.0,225.05,218.75,224.9,222.75,222.2,221.84,355.7,200.65,7121436,"1,579,817,219.10",64304
415,30-Jul-2018,EQ,221.9,226.0,220.6,219.75,225.0,224.9,224.29,355.7,200.65,8293254,"1,860,099,337.75",93962
416,27-Jul-2018,EQ,218.0,221.0,216.55,216.5,220.0,219.75,218.79,355.7,200.65,6695579,"1,464,946,582.05",88187
417,26-Jul-2018,EQ,220.7,221.65,215.5,218.95,217.3,216.5,218.26,355.7,200.65,7164072,"1,563,617,792.95",78662
418,25-Jul-2018,EQ,217.15,221.75,216.75,216.25,218.15,218.95,219.67,355.7,200.65,11261855,"2,473,877,318.35",82669
419,24-Jul-2018,EQ,209.0,220.0,208.0,211.6,215.65,216.25,216.51,355.7,200.65,15754032,"3,410,966,346.90",124074
420,23-Jul-2018,EQ,204.0,213.4,200.7,202.4,210.7,211.6,206.75,355.7,200.65,8931165,"1,846,476,764.75",68020
421,20-Jul-2018,EQ,206.05,206.55,200.65,208.2,203.0,202.4,202.81,355.7,200.65,9115587,"1,848,720,262.20",78474
422,19-Jul-2018,EQ,205.35,211.25,201.55,203.7,208.2,208.2,207.75,355.7,201.55,12107204,"2,515,303,622.50",99645
423,18-Jul-2018,EQ,210.0,210.65,202.0,210.1,203.9,203.7,205.55,355.7,202.0,7846762,"1,612,898,745.35",81927
424,17-Jul-2018,EQ,206.0,212.35,203.2,206.4,210.25,210.1,209.02,355.7,203.2,7590806,"1,586,634,529.05",72390
425,16-Jul-2018,EQ,211.5,212.0,204.8,210.45,206.0,206.4,209.4,355.7,204.8,9413761,"1,971,284,167.55",82368
426,13-Jul-2018,EQ,213.0,213.45,209.1,211.4,210.05,210.45,211.04,355.7,209.1,10718429,"2,261,995,795.85",99377
427,12-Jul-2018,EQ,218.5,221.0,211.0,218.1,211.85,211.4,215.9,355.7,211.0,16378996,"3,536,262,911.40",129812
428,11-Jul-2018,EQ,222.9,222.9,216.25,226.05,218.2,218.1,219.05,355.7,216.25,16370691,"3,585,976,402.05",160989
429,10-Jul-2018,EQ,227.05,228.0,224.85,226.6,226.0,226.05,226.34,355.7,216.55,8513918,"1,926,999,525.60",97954
430,09-Jul-2018,EQ,222.25,227.55,221.1,219.1,225.0,226.6,224.72,355.7,216.55,10712428,"2,407,311,724.70",85715
431,06-Jul-2018,EQ,219.0,224.7,216.55,221.3,219.05,219.1,220.54,355.7,216.55,14107005,"3,111,095,723.60",95051
432,05-Jul-2018,EQ,227.0,227.0,219.0,228.05,219.2,221.3,222.59,355.7,219.0,12643742,"2,814,313,102.75",102680
433,04-Jul-2018,EQ,229.45,229.45,225.2,231.05,228.0,228.05,227.48,355.7,221.6,11756061,"2,674,254,617.85",83558
434,03-Jul-2018,EQ,236.2,236.2,230.05,239.85,231.0,231.05,231.93,355.7,221.6,15851682,"3,676,460,573.75",123937
435,02-Jul-2018,EQ,234.75,243.8,228.3,236.2,237.35,239.85,234.97,355.7,221.6,17820231,"4,187,281,388.00",141791
436,29-Jun-2018,EQ,228.0,237.85,228.0,230.0,236.2,236.2,234.53,355.7,221.6,11526273,"2,703,286,475.35",127077
437,28-Jun-2018,EQ,231.0,233.6,229.5,230.1,230.2,230.0,230.65,355.7,221.6,12656271,"2,919,154,445.45",75372
438,27-Jun-2018,EQ,233.0,233.25,228.15,231.45,230.15,230.1,229.53,355.7,221.6,12766494,"2,930,236,086.25",81312
439,26-Jun-2018,EQ,228.8,233.4,225.55,230.65,231.0,231.45,229.88,355.7,221.6,13407360,"3,082,114,913.40",110316
440,25-Jun-2018,EQ,229.0,239.5,229.0,228.55,230.2,230.65,233.37,355.7,221.6,40657710,"9,488,322,982.20",176295
441,22-Jun-2018,EQ,228.05,229.85,226.55,229.05,228.75,228.55,228.43,355.7,221.6,15062203,"3,440,675,780.45",102184
442,21-Jun-2018,EQ,227.5,230.8,226.0,228.7,228.8,229.05,229.41,355.7,221.6,16864366,"3,868,774,101.65",122852
443,20-Jun-2018,EQ,226.0,230.15,225.25,224.3,228.15,228.7,228.47,355.7,221.6,17011598,"3,886,671,448.05",148423
444,19-Jun-2018,EQ,228.95,229.85,221.6,232.2,224.05,224.3,225.79,355.7,221.6,22092589,"4,988,209,879.65",180266
445,18-Jun-2018,EQ,236.0,236.0,228.65,238.6,231.55,232.2,231.7,355.7,228.65,15575678,"3,608,875,304.20",148430
446,15-Jun-2018,EQ,241.0,241.0,234.0,240.05,236.65,238.6,238.69,355.7,230.2,24482557,"5,843,689,816.85",142166
447,14-Jun-2018,EQ,241.0,243.5,239.1,243.1,240.05,240.05,241.82,355.7,230.2,8930060,"2,159,422,912.55",56383
448,13-Jun-2018,EQ,245.7,245.7,241.5,245.5,243.0,243.1,243.34,355.7,230.2,11470921,"2,791,289,448.50",70251
449,12-Jun-2018,EQ,246.5,247.25,243.35,246.1,245.5,245.5,245.34,355.7,230.2,9625030,"2,361,449,672.95",89664
450,11-Jun-2018,EQ,246.3,248.0,245.05,246.3,246.15,246.1,246.42,355.7,230.2,17253950,"4,251,641,508.50",67005
451,08-Jun-2018,EQ,247.2,247.9,242.55,247.2,245.55,246.3,245.92,355.7,226.6,10413596,"2,560,925,699.65",82791
452,07-Jun-2018,EQ,248.55,256.5,245.9,246.45,248.5,247.2,249.87,355.7,226.6,29651967,"7,409,257,110.05",145567
453,06-Jun-2018,EQ,246.35,248.6,242.2,246.25,246.2,246.45,246.24,355.7,226.6,19831399,"4,883,189,338.90",110217
454,05-Jun-2018,EQ,246.25,247.5,242.5,246.75,246.55,246.25,245.68,355.7,226.6,8543831,"2,099,069,398.70",59807
455,04-Jun-2018,EQ,248.75,249.45,244.5,248.25,245.2,246.75,247.51,355.7,226.6,11484275,"2,842,499,158.40",91826
456,01-Jun-2018,EQ,248.0,258.4,246.5,248.3,248.0,248.25,252.84,355.7,226.5,18640874,"4,713,185,012.75",139804
457,31-May-2018,EQ,250.5,252.85,246.25,251.1,250.0,248.3,248.63,355.7,226.5,29327091,"7,291,648,148.50",152180
458,30-May-2018,EQ,245.0,252.85,244.4,253.25,250.25,251.1,250.21,355.7,226.5,16362468,"4,094,048,264.55",113999
459,29-May-2018,EQ,240.0,255.0,237.9,253.65,252.65,253.25,248.98,355.7,226.5,32936741,"8,200,516,020.70",248333
460,28-May-2018,EQ,253.35,255.25,245.6,251.8,253.5,253.65,252.47,355.7,226.5,9732030,"2,457,040,749.80",86390
461,25-May-2018,EQ,247.3,256.75,241.2,250.6,252.25,251.8,247.45,355.7,220.65,27429408,"6,787,375,349.40",236720
462,24-May-2018,EQ,252.2,253.25,240.15,252.65,251.0,250.6,248.18,355.7,220.65,20219901,"5,018,152,468.65",180608
463,23-May-2018,EQ,263.4,263.5,250.2,269.95,250.5,252.65,257.34,355.7,220.65,18226457,"4,690,344,953.75",142212
464,22-May-2018,EQ,264.9,270.9,261.5,263.85,269.55,269.95,266.1,355.7,220.65,8021927,"2,134,662,592.25",100640
465,21-May-2018,EQ,270.3,273.25,261.05,270.3,264.75,263.85,265.3,355.7,220.65,9703835,"2,574,449,399.65",82005
466,18-May-2018,EQ,278.2,278.5,269.35,276.95,270.3,270.3,273.0,355.7,220.65,8928454,"2,437,449,290.55",101192
467,17-May-2018,EQ,283.2,283.95,275.3,278.8,277.2,276.95,277.99,355.7,220.65,9379615,"2,607,482,117.95",74552
468,16-May-2018,EQ,281.65,284.0,276.5,281.7,278.7,278.8,279.76,355.7,220.65,10781519,"3,016,196,640.45",87441
469,15-May-2018,EQ,282.95,285.5,278.1,282.1,281.7,281.7,281.83,355.7,220.65,15412120,"4,343,539,607.40",107467
470,14-May-2018,EQ,288.0,288.35,280.55,286.95,282.9,282.1,283.58,355.7,220.65,7062942,"2,002,912,829.85",53320
471,11-May-2018,EQ,282.9,287.3,278.6,279.7,286.9,286.95,283.7,355.7,219.2,9774064,"2,772,923,043.25",70887
472,10-May-2018,EQ,284.75,285.5,278.5,283.15,279.8,279.7,281.11,355.7,219.2,8814612,"2,477,904,955.15",92440
473,09-May-2018,EQ,283.0,290.4,282.1,282.9,283.25,283.15,285.71,355.7,219.2,10284823,"2,938,462,016.10",92364
474,08-May-2018,EQ,286.4,287.45,281.6,285.45,282.55,282.9,283.94,355.7,219.2,7858792,"2,231,408,084.70",87586
475,07-May-2018,EQ,283.0,289.4,282.0,281.65,284.6,285.45,286.19,355.7,219.2,8242354,"2,358,864,646.15",74174
476,04-May-2018,EQ,289.45,290.7,279.0,286.2,279.5,281.65,284.57,355.7,217.75,16087098,"4,577,892,263.50",133067
477,03-May-2018,EQ,283.95,288.75,277.35,283.4,287.0,286.2,283.5,355.7,217.75,13002792,"3,686,227,019.35",90290
478,02-May-2018,EQ,296.65,296.65,282.3,298.4,283.55,283.4,287.25,355.7,217.75,12277622,"3,526,804,990.65",116234
479,30-Apr-2018,EQ,295.4,302.25,293.1,294.05,298.45,298.4,298.76,355.7,217.75,6843221,"2,044,484,008.95",71369
480,27-Apr-2018,EQ,293.0,296.5,290.05,290.3,294.1,294.05,293.15,355.7,217.75,6853011,"2,008,959,943.15",55245
481,26-Apr-2018,EQ,291.5,293.75,287.6,290.2,290.0,290.3,290.29,355.7,217.75,11827702,"3,433,452,429.55",84900
482,25-Apr-2018,EQ,296.6,297.55,288.2,297.4,288.5,290.2,292.22,355.7,217.75,8297914,"2,424,811,679.10",78672
483,24-Apr-2018,EQ,293.0,299.8,288.0,305.05,298.65,297.4,294.71,355.7,217.75,14885085,"4,386,766,911.80",110368
484,23-Apr-2018,EQ,307.7,311.45,304.0,308.6,304.3,305.05,307.58,355.7,217.75,7058597,"2,171,092,295.45",54234
485,20-Apr-2018,EQ,305.45,309.75,303.0,311.7,309.0,308.6,306.41,355.7,217.75,13535858,"4,147,582,386.45",98288
486,19-Apr-2018,EQ,296.75,313.5,296.75,291.1,310.45,311.7,307.07,355.7,217.75,31082632,"9,544,505,934.50",199616
487,18-Apr-2018,EQ,293.0,294.0,289.4,288.8,292.1,291.1,292.04,355.7,217.75,14009181,"4,091,210,991.55",83250
488,17-Apr-2018,EQ,293.4,295.25,287.4,290.3,288.1,288.8,290.54,355.7,217.75,9828946,"2,855,737,070.90",73251
489,16-Apr-2018,EQ,288.05,291.95,286.65,291.65,290.35,290.3,289.06,355.7,217.75,7545130,"2,181,003,938.35",61698
490,13-Apr-2018,EQ,291.15,294.7,288.5,288.7,292.0,291.65,291.88,355.7,217.75,11510464,"3,359,640,818.70",80726
491,12-Apr-2018,EQ,296.0,296.45,287.0,296.8,289.7,288.7,291.77,355.7,217.75,10682208,"3,116,726,684.40",94800
492,11-Apr-2018,EQ,290.1,297.7,287.35,284.1,297.15,296.8,293.41,355.7,217.75,22771881,"6,681,486,250.40",160053
