"Date ","series ","OPEN ","HIGH ","LOW ","PREV. CLOSE ","ltp ","close ","vwap ","52W H ","52W L ","VOLUME ","VALUE ","No of trades "
"11-Apr-2012","EQ","1,970.00","1,983.55","1,953.00","1,978.00","1,970.00","1,972.65","1,972.40","2,249.70","1,575.15",193859,"382,366,541.65",25387
"10-Apr-2012","EQ","1,988.40","1,988.40","1,944.45","1,974.50","1,972.25","1,978.00","1,970.93","2,249.70","1,575.15",176648,"348,161,218.90",22033
"09-Apr-2012","EQ","2,000.00","2,008.05","1,962.05","2,011.95","1,963.00","1,974.50","1,979.01","2,249.70","1,575.15",274615,"543,466,868.75",20645
"04-Apr-2012","EQ","2,009.90","2,042.45","1,990.05","2,008.60","2,019.00","2,011.95","2,015.19","2,249.70","1,575.15",302795,"610,190,024.45",20930
"03-Apr-2012","EQ","2,065.45","2,067.00","2,005.00","2,058.15","2,006.80","2,008.60","2,027.90","2,249.70","1,575.15",334775,"678,891,622.80",26742
"02-Apr-2012","EQ","2,070.00","2,072.00","2,033.40","2,055.25","2,057.00","2,058.15","2,053.78","2,249.70","1,575.15",176537,"362,568,908.35",12679
"30-Mar-2012","EQ","2,045.00","2,065.00","2,035.30","2,035.95","2,053.65","2,055.25","2,051.58","2,249.70","1,481.55",572601,"1,174,738,544.00",31350
"29-Mar-2012","EQ","1,981.00","2,049.80","1,971.65","1,987.40","2,020.05","2,035.95","2,028.12","2,249.70","1,481.55",793922,"1,610,165,612.70",29558
"28-Mar-2012","EQ","2,005.90","2,010.80","1,969.75","2,010.00","1,998.50","1,987.40","1,990.00","2,249.70","1,481.55",466478,"928,293,016.10",25211
"27-Mar-2012","EQ","2,010.00","2,039.80","1,988.60","2,000.75","2,011.00","2,010.00","2,012.11","2,249.70","1,481.55",379483,"763,562,212.40",26798
"26-Mar-2012","EQ","2,023.85","2,023.85","1,958.00","2,017.45","1,995.00","2,000.75","1,993.89","2,249.70","1,481.55",369262,"736,269,618.30",26746
"23-Mar-2012","EQ","1,940.15","2,058.80","1,922.00","1,945.25","2,015.00","2,017.45","1,977.89","2,249.70","1,413.80",693429,"1,371,526,489.95",32714
"22-Mar-2012","EQ","1,925.00","1,961.00","1,925.00","1,926.40","1,937.30","1,945.25","1,947.47","2,249.70","1,413.80",387490,"754,623,753.35",20130
"21-Mar-2012","EQ","1,944.70","1,944.70","1,910.00","1,931.90","1,931.95","1,926.40","1,926.87","2,249.70","1,413.80",230468,"444,081,916.35",15341
"20-Mar-2012","EQ","1,949.95","1,958.00","1,890.50","1,941.45","1,940.00","1,931.90","1,920.68","2,249.70","1,413.80",337667,"648,549,973.40",33579
"19-Mar-2012","EQ","1,959.30","1,964.80","1,920.15","1,957.00","1,927.00","1,941.45","1,941.05","2,249.70","1,413.80",222531,"431,943,531.70",11155
"16-Mar-2012","EQ","1,982.00","1,982.00","1,925.10","1,966.40","1,956.10","1,957.00","1,949.49","2,249.70","1,413.80",358530,"698,949,469.30",29793
"15-Mar-2012","EQ","1,978.00","1,978.00","1,919.00","1,972.55","1,960.05","1,966.40","1,949.91","2,249.70","1,413.80",302877,"590,583,507.15",19732
"14-Mar-2012","EQ","1,982.00","1,995.00","1,950.10","1,962.95","1,973.95","1,972.55","1,976.90","2,249.70","1,413.80",283383,"560,220,703.90",26409
"13-Mar-2012","EQ","1,940.10","1,974.50","1,940.10","1,932.55","1,964.80","1,962.95","1,961.57","2,249.70","1,413.80",421131,"826,076,805.70",37459
"12-Mar-2012","EQ","1,921.05","1,942.00","1,904.70","1,911.05","1,929.00","1,932.55","1,929.62","2,249.70","1,413.80",432510,"834,580,971.95",29377
"09-Mar-2012","EQ","1,923.00","1,933.90","1,890.00","1,889.60","1,913.10","1,911.05","1,913.63","2,249.70","1,413.80",507925,"971,978,420.10",37929
"07-Mar-2012","EQ","1,890.00","1,899.80","1,871.70","1,871.70","1,889.40","1,889.60","1,890.88","2,249.70","1,413.80",609323,"1,152,155,293.65",35209
"06-Mar-2012","EQ","1,890.00","1,932.30","1,810.05","1,886.95","1,863.15","1,871.70","1,880.42","2,249.70","1,413.80",738094,"1,387,929,030.40",51083
"05-Mar-2012","EQ","1,948.00","1,948.00","1,873.10","1,947.15","1,874.95","1,886.95","1,892.58","2,249.70","1,413.80",656672,"1,242,807,242.60",66961
"03-Mar-2012","EQ","1,955.00","1,955.00","1,940.70","1,941.45","1,950.00","1,947.15","1,949.14","2,249.70","1,413.80",17919,"34,926,670.95",1072
"02-Mar-2012","EQ","1,969.90","1,975.85","1,926.30","1,937.55","1,936.10","1,941.45","1,947.71","2,249.70","1,413.80",553634,"1,078,320,912.70",35459
"01-Mar-2012","EQ","1,957.00","1,982.40","1,920.00","1,946.10","1,929.00","1,937.55","1,953.81","2,249.70","1,413.80",887044,"1,733,111,513.00",45762
"29-Feb-2012","EQ","1,984.00","2,015.00","1,930.00","1,966.20","1,950.00","1,946.10","1,977.78","2,249.70","1,413.80",462912,"915,538,151.75",32480
"28-Feb-2012","EQ","1,941.00","1,986.90","1,941.00","1,931.90","1,966.00","1,966.20","1,968.72","2,249.70","1,413.80",412572,"812,240,471.90",22994
"27-Feb-2012","EQ","2,087.00","2,087.00","1,915.00","2,072.90","1,935.00","1,931.90","1,971.52","2,249.70","1,413.80",635329,"1,252,562,987.90",33334
"24-Feb-2012","EQ","2,095.00","2,109.00","2,057.25","2,088.85","2,083.00","2,072.90","2,078.84","2,249.70","1,375.75",257059,"534,385,804.95",21055
"23-Feb-2012","EQ","2,159.95","2,167.90","2,066.80","2,140.30","2,088.00","2,088.85","2,107.98","2,249.70","1,375.75",582980,"1,228,910,035.45",38927
"22-Feb-2012","EQ","2,127.15","2,198.00","2,127.15","2,147.25","2,150.00","2,140.30","2,166.13","2,249.70","1,375.75",273429,"592,282,116.45",19233
"21-Feb-2012","EQ","2,121.50","2,157.00","2,121.50","2,109.35","2,146.00","2,147.25","2,143.91","2,249.70","1,375.75",276256,"592,267,151.60",17493
"17-Feb-2012","EQ","2,200.00","2,209.95","2,093.35","2,190.05","2,104.00","2,109.35","2,147.46","2,249.70","1,375.75",514786,"1,105,482,648.95",46977
"16-Feb-2012","EQ","2,088.55","2,203.15","2,002.00","2,094.05","2,185.00","2,190.05","2,143.09","2,249.70","1,375.75",480246,"1,029,208,809.10",24257
"15-Feb-2012","EQ","2,090.65","2,100.20","2,068.00","2,081.80","2,091.00","2,094.05","2,089.97","2,249.70","1,375.75",349374,"730,180,012.65",26135
"14-Feb-2012","EQ","2,012.10","2,090.00","2,012.10","2,012.75","2,084.00","2,081.80","2,057.78","2,249.70","1,375.75",616998,"1,269,646,031.55",30592
"13-Feb-2012","EQ","1,975.00","2,019.95","1,963.50","1,970.50","2,010.00","2,012.75","2,010.66","2,249.70","1,375.75",437763,"880,192,953.10",31417
"10-Feb-2012","EQ","1,985.00","2,024.00","1,953.40","1,993.85","1,965.25","1,970.50","1,986.35","2,249.70","1,375.75",281152,"558,465,579.95",25642
"09-Feb-2012","EQ","1,983.00","2,035.00","1,970.70","1,998.20","1,990.30","1,993.85","2,010.99","2,249.70","1,375.75",689667,"1,386,913,468.80",37745
"08-Feb-2012","EQ","1,958.00","2,009.45","1,953.05","1,949.85","2,008.00","1,998.20","1,984.64","2,249.70","1,375.75",398783,"791,442,633.25",28110
"07-Feb-2012","EQ","1,965.00","2,014.00","1,940.70","1,962.50","1,943.10","1,949.85","1,979.03","2,249.70","1,375.75",363421,"719,220,163.75",23455
"06-Feb-2012","EQ","1,961.00","1,992.90","1,952.00","1,952.90","1,960.00","1,962.50","1,974.36","2,249.70","1,375.75",221871,"438,052,415.85",16751
"03-Feb-2012","EQ","1,982.00","1,989.00","1,940.05","1,970.85","1,952.50","1,952.90","1,970.97","2,249.70","1,375.75",371878,"732,962,115.55",25691
"02-Feb-2012","EQ","1,950.25","2,007.80","1,943.90","1,932.15","1,970.00","1,970.85","1,971.83","2,249.70","1,375.75",739646,"1,458,459,456.80",49010
"01-Feb-2012","EQ","1,870.00","1,945.00","1,865.60","1,862.50","1,940.00","1,932.15","1,919.42","2,249.70","1,375.75",557111,"1,069,331,554.75",46554
"31-Jan-2012","EQ","1,845.00","1,870.00","1,811.90","1,824.35","1,864.00","1,862.50","1,847.40","2,249.70","1,375.75",869800,"1,606,868,235.80",36913
"30-Jan-2012","EQ","1,808.00","1,839.00","1,800.10","1,818.45","1,821.30","1,824.35","1,827.61","2,249.70","1,375.75",547227,"1,000,117,524.90",37243
"27-Jan-2012","EQ","1,865.05","1,875.00","1,791.10","1,853.90","1,825.00","1,818.45","1,830.44","2,249.70","1,375.75",1462110,"2,676,305,867.75",88502
"25-Jan-2012","EQ","1,886.30","1,895.85","1,835.35","1,888.10","1,841.35","1,853.90","1,866.39","2,249.70","1,375.75",684331,"1,277,226,266.30",34697
"24-Jan-2012","EQ","1,872.00","1,913.50","1,828.80","1,875.15","1,881.00","1,888.10","1,880.99","2,249.70","1,375.75",1001303,"1,883,439,844.90",35708
"23-Jan-2012","EQ","1,949.00","1,949.00","1,861.70","1,946.60","1,865.15","1,875.15","1,888.22","2,249.70","1,375.75",589238,"1,112,611,813.95",29509
"20-Jan-2012","EQ","1,891.10","1,995.65","1,871.75","1,905.10","1,945.00","1,946.60","1,938.63","2,249.70","1,375.75",1104305,"2,140,836,442.15",61563
"19-Jan-2012","EQ","1,870.00","1,931.75","1,870.00","1,860.65","1,884.00","1,905.10","1,903.11","2,249.70","1,375.75",758649,"1,443,790,960.60",40370
"18-Jan-2012","EQ","1,837.00","1,870.00","1,836.90","1,827.60","1,864.00","1,860.65","1,860.48","2,249.70","1,375.75",378357,"703,926,871.10",27536
"17-Jan-2012","EQ","1,805.00","1,840.00","1,805.00","1,798.85","1,825.00","1,827.60","1,828.20","2,249.70","1,375.75",423277,"773,836,274.85",20833
"16-Jan-2012","EQ","1,789.00","1,807.30","1,770.00","1,793.00","1,803.45","1,798.85","1,791.01","2,249.70","1,375.75",312900,"560,407,854.05",12768
"13-Jan-2012","EQ","1,817.00","1,818.95","1,776.05","1,812.35","1,790.00","1,793.00","1,793.07","2,249.70","1,375.75",419547,"752,277,760.00",19163
"12-Jan-2012","EQ","1,794.90","1,823.10","1,782.00","1,809.30","1,819.00","1,812.35","1,808.60","2,249.70","1,375.75",489929,"886,085,382.20",21334
"11-Jan-2012","EQ","1,780.00","1,828.00","1,779.50","1,775.40","1,809.00","1,809.30","1,809.32","2,249.70","1,375.75",686840,"1,242,711,090.10",28740
"10-Jan-2012","EQ","1,734.00","1,779.95","1,731.00","1,728.40","1,775.00","1,775.40","1,759.95","2,249.70","1,375.75",649518,"1,143,120,895.20",32527
"09-Jan-2012","EQ","1,727.90","1,735.00","1,704.00","1,729.80","1,729.60","1,728.40","1,722.77","2,249.70","1,375.75",469866,"809,473,325.60",29972
"07-Jan-2012","EQ","1,744.95","1,746.70","1,721.75","1,735.00","1,727.60","1,729.80","1,733.89","2,249.70","1,375.75",88411,"153,294,524.40",4924
"06-Jan-2012","EQ","1,822.10","1,822.10","1,724.75","1,828.25","1,726.55","1,735.00","1,757.53","2,249.70","1,375.75",1034818,"1,818,725,061.80",46537
"05-Jan-2012","EQ","1,786.45","1,843.00","1,782.10","1,786.45","1,828.00","1,828.25","1,827.02","2,249.70","1,375.75",626928,"1,145,411,313.35",34619
"04-Jan-2012","EQ","1,822.10","1,827.90","1,765.10","1,828.45","1,786.00","1,786.45","1,789.39","2,249.70","1,375.75",666616,"1,192,833,692.95",48719
"03-Jan-2012","EQ","1,860.00","1,884.65","1,801.00","1,838.85","1,825.00","1,828.45","1,840.40","2,249.70","1,375.75",628569,"1,156,819,155.25",40524
"02-Jan-2012","EQ","1,914.80","1,918.80","1,797.55","1,905.15","1,836.10","1,838.85","1,837.92","2,249.70","1,375.75",910326,"1,673,103,789.80",40194
"30-Dec-2011","EQ","1,895.00","1,932.50","1,895.00","1,904.50","1,905.00","1,905.15","1,912.58","2,249.70","1,375.75",273562,"523,210,143.75",16737
"29-Dec-2011","EQ","1,896.00","1,919.45","1,892.85","1,910.65","1,901.00","1,904.50","1,906.01","2,249.70","1,375.75",278028,"529,923,104.05",11571
"28-Dec-2011","EQ","1,906.00","1,919.90","1,886.95","1,905.60","1,905.00","1,910.65","1,906.52","2,249.70","1,375.75",422058,"804,660,811.35",17174
"27-Dec-2011","EQ","1,930.00","1,935.90","1,895.00","1,921.50","1,897.50","1,905.60","1,912.12","2,249.70","1,375.75",265949,"508,525,632.60",26217
"26-Dec-2011","EQ","1,867.00","1,940.95","1,845.55","1,850.00","1,940.00","1,921.50","1,903.73","2,249.70","1,375.75",368195,"700,945,362.95",23361
"23-Dec-2011","EQ","1,869.00","1,869.00","1,812.10","1,850.55","1,858.00","1,850.00","1,843.95","2,249.70","1,375.75",392373,"723,516,211.95",31647
"22-Dec-2011","EQ","1,813.00","1,870.00","1,813.00","1,845.60","1,850.30","1,850.55","1,846.50","2,249.70","1,375.75",558856,"1,031,928,760.70",29491
"21-Dec-2011","EQ","1,853.00","1,863.25","1,764.90","1,809.90","1,861.00","1,845.60","1,819.72","2,249.70","1,375.75",1077209,"1,960,219,905.30",49894
"20-Dec-2011","EQ","1,917.00","1,925.00","1,788.10","1,913.70","1,795.20","1,809.90","1,834.35","2,249.70","1,375.75",626765,"1,149,705,930.85",39996
"19-Dec-2011","EQ","1,906.00","1,942.75","1,878.35","1,925.70","1,899.00","1,913.70","1,903.08","2,249.70","1,375.75",554537,"1,055,330,640.20",34714
"16-Dec-2011","EQ","1,960.00","2,003.00","1,901.00","1,956.10","1,925.00","1,925.70","1,956.79","2,249.70","1,375.75",385536,"754,413,769.65",22270
"15-Dec-2011","EQ","1,951.20","1,966.30","1,910.00","1,975.10","1,961.00","1,956.10","1,941.53","2,249.70","1,375.75",326709,"634,314,585.85",22719
"14-Dec-2011","EQ","2,000.00","2,009.00","1,965.00","2,006.90","1,967.00","1,975.10","1,987.45","2,249.70","1,375.75",299350,"594,942,807.10",24802
"13-Dec-2011","EQ","1,973.50","2,013.80","1,939.80","1,976.60","2,010.00","2,006.90","1,974.78","2,249.70","1,375.75",385418,"761,115,594.50",22315
"12-Dec-2011","EQ","2,041.00","2,050.05","1,970.45","2,033.40","1,975.90","1,976.60","2,009.30","2,249.70","1,375.75",389019,"781,656,740.35",27784
"09-Dec-2011","EQ","2,043.00","2,057.65","2,011.00","2,057.70","2,035.00","2,033.40","2,033.63","2,249.70","1,375.75",330459,"672,030,795.90",21132
"08-Dec-2011","EQ","2,059.00","2,091.30","2,047.00","2,058.10","2,050.50","2,057.70","2,068.36","2,249.70","1,375.75",367679,"760,493,930.35",23575
"07-Dec-2011","EQ","2,053.00","2,083.85","2,048.60","2,061.85","2,053.00","2,058.10","2,065.82","2,249.70","1,375.75",331557,"684,936,040.80",21005
"05-Dec-2011","EQ","2,079.50","2,080.00","2,051.70","2,080.95","2,061.00","2,061.85","2,064.42","2,249.70","1,375.75",243911,"503,534,869.30",18094
"02-Dec-2011","EQ","2,094.10","2,108.90","2,056.00","2,088.30","2,077.50","2,080.95","2,078.31","2,249.70","1,375.75",720064,"1,496,517,250.10",39938
"01-Dec-2011","EQ","2,035.00","2,101.00","2,035.00","1,999.70","2,093.00","2,088.30","2,071.65","2,249.70","1,375.75",466629,"966,691,664.30",29088
"30-Nov-2011","EQ","2,061.00","2,087.30","1,971.10","2,061.15","2,011.00","1,999.70","2,022.51","2,249.70","1,375.75",2870263,"5,805,136,886.10",74287
"29-Nov-2011","EQ","2,030.10","2,078.90","1,990.75","2,033.25","2,070.00","2,061.15","2,051.21","2,249.70","1,375.75",722677,"1,482,363,908.45",33839
"28-Nov-2011","EQ","2,059.00","2,082.75","2,024.20","2,036.20","2,035.00","2,033.25","2,057.38","2,249.70","1,375.75",404303,"831,806,016.10",21083
"25-Nov-2011","EQ","2,090.00","2,095.00","2,023.00","2,106.90","2,037.00","2,036.20","2,048.33","2,249.70","1,375.75",780396,"1,598,511,384.75",29035
"24-Nov-2011","EQ","2,112.00","2,153.65","2,078.25","2,126.65","2,093.00","2,106.90","2,105.74","2,249.70","1,375.75",598972,"1,261,276,411.85",27737
"23-Nov-2011","EQ","2,159.95","2,220.00","2,103.00","2,166.90","2,155.00","2,126.65","2,128.87","2,249.70","1,375.75",786798,"1,674,987,031.05",43270
"22-Nov-2011","EQ","2,177.70","2,196.50","2,134.05","2,171.60","2,149.00","2,166.90","2,165.90","2,249.70","1,375.75",587439,"1,272,333,212.30",50080
"21-Nov-2011","EQ","2,181.00","2,198.00","2,156.00","2,193.40","2,168.00","2,171.60","2,171.58","2,249.70","1,375.75",658421,"1,429,814,929.60",43057
"18-Nov-2011","EQ","2,100.00","2,202.00","2,100.00","2,118.75","2,199.00","2,193.40","2,175.70","2,249.70","1,375.75",865363,"1,882,771,417.90",44470
"17-Nov-2011","EQ","2,093.70","2,153.50","2,075.70","2,103.75","2,123.55","2,118.75","2,122.31","2,249.70","1,375.75",595134,"1,263,057,825.35",35152
"16-Nov-2011","EQ","2,149.05","2,159.50","2,087.45","2,161.65","2,101.70","2,103.75","2,102.14","2,249.70","1,375.75",459599,"966,140,548.45",23565
"15-Nov-2011","EQ","2,205.00","2,229.00","2,147.50","2,209.55","2,153.00","2,161.65","2,186.80","2,249.70","1,375.75",381063,"833,309,719.35",20712
"14-Nov-2011","EQ","2,177.00","2,249.70","2,177.00","2,172.95","2,210.00","2,209.55","2,216.11","2,249.70","1,375.75",847401,"1,877,934,295.55",25326
"11-Nov-2011","EQ","2,120.00","2,188.90","2,115.00","2,140.10","2,175.00","2,172.95","2,169.85","2,237.00","1,375.75",346536,"751,931,534.30",17243
"09-Nov-2011","EQ","2,134.70","2,166.80","2,125.30","2,119.70","2,135.10","2,140.10","2,148.64","2,237.00","1,375.75",352001,"756,322,013.00",23552
"08-Nov-2011","EQ","2,136.00","2,151.60","2,111.00","2,113.80","2,116.15","2,119.70","2,129.48","2,237.00","1,375.75",211070,"449,468,320.45",13802
"04-Nov-2011","EQ","2,085.20","2,133.65","2,085.20","2,071.30","2,124.00","2,113.80","2,117.13","2,237.00","1,375.75",323921,"685,782,069.40",18714
"03-Nov-2011","EQ","2,081.20","2,089.00","2,035.65","2,089.35","2,082.00","2,071.30","2,059.09","2,237.00","1,375.75",1043359,"2,148,372,777.75",36395
"02-Nov-2011","EQ","2,120.00","2,139.95","2,069.20","2,137.35","2,084.95","2,089.35","2,097.31","2,237.00","1,375.75",615746,"1,291,408,193.30",30689
"01-Nov-2011","EQ","2,159.00","2,175.55","2,122.30","2,181.35","2,146.00","2,137.35","2,144.83","2,237.00","1,375.75",334932,"718,372,527.50",23654
"31-Oct-2011","EQ","2,150.00","2,190.60","2,150.00","2,157.40","2,185.20","2,181.35","2,176.70","2,237.00","1,375.75",485738,"1,057,305,488.25",27913
"28-Oct-2011","EQ","2,160.00","2,231.45","2,140.00","2,107.65","2,150.05","2,157.40","2,163.87","2,237.00","1,375.75",527873,"1,142,247,961.65",35501
"26-Oct-2011","EQ","2,101.55","2,119.35","2,096.15","2,090.40","2,096.15","2,107.65","2,108.73","2,237.00","1,375.75",54484,"114,891,817.80",2902
"25-Oct-2011","EQ","2,073.00","2,106.40","2,032.10","2,072.55","2,087.00","2,090.40","2,078.45","2,237.00","1,375.75",1091808,"2,269,263,723.60",62952
"24-Oct-2011","EQ","2,069.70","2,090.60","2,061.45","2,052.30","2,070.60","2,072.55","2,075.82","2,237.00","1,375.75",294840,"612,033,556.75",17468
"21-Oct-2011","EQ","2,030.05","2,066.25","2,005.25","2,030.05","2,052.90","2,052.30","2,048.27","2,237.00","1,375.75",717701,"1,470,047,587.35",30408
"20-Oct-2011","EQ","2,046.00","2,055.75","1,997.00","2,066.55","2,029.00","2,030.05","2,026.54","2,237.00","1,375.75",785209,"1,591,259,551.65",33811
"19-Oct-2011","EQ","2,060.00","2,092.95","2,041.50","1,985.85","2,057.60","2,066.55","2,069.68","2,237.00","1,375.75",1775133,"3,673,960,552.15",60922
"18-Oct-2011","EQ","1,990.00","2,015.00","1,963.00","1,992.80","1,984.00","1,985.85","1,998.49","2,237.00","1,375.75",707937,"1,414,802,713.50",29012
"17-Oct-2011","EQ","2,004.00","2,027.60","1,975.10","1,993.75","1,993.00","1,992.80","1,990.83","2,237.00","1,375.75",224721,"447,382,410.00",17995
"14-Oct-2011","EQ","1,968.00","2,010.00","1,968.00","1,981.90","1,994.80","1,993.75","1,994.24","2,237.00","1,375.75",221667,"442,056,221.05",10207
"13-Oct-2011","EQ","2,010.00","2,025.50","1,973.95","2,000.85","1,981.00","1,981.90","1,994.13","2,237.00","1,375.75",289424,"577,148,386.60",24285
"12-Oct-2011","EQ","1,980.00","2,035.25","1,965.00","1,975.70","1,997.45","2,000.85","1,992.65","2,237.00","1,375.75",505210,"1,006,708,825.75",19120
"11-Oct-2011","EQ","1,968.60","1,994.70","1,968.60","1,960.80","1,974.00","1,975.70","1,980.22","2,237.00","1,375.75",248978,"493,030,394.15",15508
"10-Oct-2011","EQ","1,931.00","1,972.70","1,918.50","1,940.90","1,968.20","1,960.80","1,952.29","2,237.00","1,375.75",409363,"799,196,447.95",17379
"07-Oct-2011","EQ","1,985.00","1,999.90","1,912.20","1,949.75","1,945.65","1,940.90","1,952.18","2,237.00","1,375.75",542327,"1,058,717,946.15",29737
"05-Oct-2011","EQ","1,955.05","1,970.90","1,936.40","1,961.45","1,952.90","1,949.75","1,954.11","2,237.00","1,375.75",410851,"802,849,171.50",21478
"04-Oct-2011","EQ","1,927.00","1,995.00","1,927.00","1,959.70","1,960.00","1,961.45","1,969.30","2,237.00","1,375.75",597115,"1,175,899,754.75",42031
"03-Oct-2011","EQ","1,933.95","1,966.90","1,904.35","1,941.75","1,961.60","1,959.70","1,945.80","2,237.00","1,375.75",561252,"1,092,086,439.85",37925
"30-Sep-2011","EQ","1,994.90","1,994.90","1,920.00","2,000.85","1,946.00","1,941.75","1,954.45","2,237.00","1,375.75",637049,"1,245,083,344.05",50477
"29-Sep-2011","EQ","1,950.00","2,018.95","1,915.60","1,957.95","1,993.00","2,000.85","1,975.03","2,237.00","1,375.75",1400868,"2,766,758,069.75",47268
"28-Sep-2011","EQ","2,006.00","2,006.05","1,950.35","1,992.70","1,950.35","1,957.95","1,963.44","2,237.00","1,375.75",263193,"516,762,399.00",16585
"27-Sep-2011","EQ","2,000.05","2,018.80","1,985.05","1,976.55","1,988.05","1,992.70","1,997.30","2,237.00","1,375.75",389532,"778,012,856.55",28847
"26-Sep-2011","EQ","2,040.00","2,045.00","1,953.75","2,037.05","1,978.00","1,976.55","1,986.44","2,237.00","1,375.75",673096,"1,337,066,417.70",23078
"23-Sep-2011","EQ","2,055.00","2,086.95","2,021.40","2,086.95","2,044.95","2,037.05","2,051.74","2,237.00","1,375.75",539677,"1,107,275,134.80",29639
"22-Sep-2011","EQ","2,095.00","2,119.95","2,077.50","2,134.30","2,080.25","2,086.95","2,101.79","2,237.00","1,375.75",334283,"702,593,680.10",21405
"21-Sep-2011","EQ","2,213.70","2,213.70","2,118.95","2,205.70","2,130.00","2,134.30","2,153.32","2,237.00","1,375.75",745676,"1,605,678,636.55",27460
"20-Sep-2011","EQ","2,195.00","2,217.50","2,191.15","2,201.15","2,200.00","2,205.70","2,205.63","2,237.00","1,375.75",335286,"739,518,010.65",13702
"19-Sep-2011","EQ","2,186.05","2,215.00","2,185.40","2,200.25","2,202.75","2,201.15","2,202.98","2,237.00","1,375.75",220974,"486,801,266.55",13310
"16-Sep-2011","EQ","2,200.00","2,222.00","2,191.65","2,202.35","2,201.10","2,200.25","2,203.94","2,237.00","1,375.75",305050,"672,311,307.65",15222
"15-Sep-2011","EQ","2,195.00","2,213.60","2,184.05","2,193.65","2,201.75","2,202.35","2,196.69","2,237.00","1,375.75",441841,"970,586,370.35",24150
"14-Sep-2011","EQ","2,197.75","2,209.00","2,167.85","2,202.90","2,201.00","2,193.65","2,186.36","2,237.00","1,375.75",1258246,"2,750,981,427.30",23836
"13-Sep-2011","EQ","2,204.00","2,229.30","2,190.70","2,214.15","2,207.95","2,202.90","2,206.58","2,237.00","1,375.75",432679,"954,742,456.30",20547
"12-Sep-2011","EQ","2,200.00","2,230.00","2,186.15","2,222.50","2,211.95","2,214.15","2,208.18","2,237.00","1,375.75",479985,"1,059,892,885.95",18857
"09-Sep-2011","EQ","2,165.50","2,237.00","2,165.45","2,169.70","2,219.05","2,222.50","2,219.16","2,237.00","1,375.75",868373,"1,927,060,569.90",29234
"08-Sep-2011","EQ","2,166.10","2,187.00","2,143.00","2,172.90","2,167.15","2,169.70","2,164.84","2,207.95","1,375.75",373029,"807,549,180.80",16927
"07-Sep-2011","EQ","2,180.00","2,187.20","2,135.25","2,167.45","2,172.00","2,172.90","2,166.22","2,207.95","1,375.75",527380,"1,142,421,023.80",30812
"06-Sep-2011","EQ","2,189.70","2,207.95","2,150.00","2,183.35","2,167.80","2,167.45","2,173.59","2,207.95","1,375.75",711871,"1,547,317,678.70",37748
"05-Sep-2011","EQ","2,050.00","2,193.00","2,048.00","2,072.75","2,185.00","2,183.35","2,149.55","2,193.00","1,375.75",1079760,"2,320,999,343.95",45478
"02-Sep-2011","EQ","2,110.00","2,121.65","2,048.05","2,051.75","2,075.50","2,072.75","2,073.76","2,121.65","1,375.75",432735,"897,387,424.45",23447
"30-Aug-2011","EQ","1,984.00","2,068.00","1,982.25","1,972.30","2,065.00","2,051.75","2,024.87","2,068.00","1,375.75",736166,"1,490,642,917.10",30483
"29-Aug-2011","EQ","1,954.55","1,998.40","1,936.55","1,951.55","1,981.00","1,972.30","1,973.02","2,061.90","1,375.75",581650,"1,147,607,695.60",23948
"26-Aug-2011","EQ","1,902.00","1,965.20","1,878.60","1,902.20","1,962.00","1,951.55","1,938.40","2,061.90","1,375.75",499712,"968,640,125.50",21887
"25-Aug-2011","EQ","1,948.80","1,973.95","1,865.80","1,964.95","1,895.00","1,902.20","1,927.35","2,061.90","1,375.75",933496,"1,799,169,941.95",32725
"24-Aug-2011","EQ","1,977.50","1,994.95","1,951.30","1,992.55","1,966.90","1,964.95","1,968.31","2,061.90","1,375.75",311784,"613,687,565.15",16653
"23-Aug-2011","EQ","2,009.95","2,015.65","1,978.15","2,007.65","1,993.90","1,992.55","2,003.33","2,061.90","1,375.75",405250,"811,848,727.45",19354
"22-Aug-2011","EQ","1,994.05","2,021.50","1,987.35","1,993.70","1,998.70","2,007.65","2,009.28","2,061.90","1,375.75",763875,"1,534,835,683.25",15338
"19-Aug-2011","EQ","1,920.00","2,000.00","1,920.00","1,953.70","1,996.00","1,993.70","1,970.61","2,061.90","1,375.75",480001,"945,895,562.95",24702
"18-Aug-2011","EQ","1,937.00","1,963.00","1,937.00","1,939.55","1,952.45","1,953.70","1,954.33","2,061.90","1,375.75",380313,"743,257,682.95",24781
"17-Aug-2011","EQ","1,890.50","1,952.00","1,890.50","1,890.30","1,936.30","1,939.55","1,926.15","2,061.90","1,375.75",756048,"1,456,262,341.90",27375
"16-Aug-2011","EQ","1,900.00","1,918.90","1,880.20","1,890.25","1,902.20","1,890.30","1,902.96","2,061.90","1,375.75",385466,"733,527,668.55",13391
"12-Aug-2011","EQ","1,857.05","1,914.00","1,857.05","1,859.35","1,890.00","1,890.25","1,894.55","2,061.90","1,375.75",474789,"899,510,662.00",22640
"11-Aug-2011","EQ","1,874.95","1,884.80","1,852.75","1,883.95","1,860.00","1,859.35","1,870.16","2,061.90","1,375.75",356386,"666,497,364.50",18854
"10-Aug-2011","EQ","1,866.10","1,889.60","1,846.50","1,853.40","1,885.00","1,883.95","1,873.70","2,061.90","1,375.75",432000,"809,439,979.15",24711
"09-Aug-2011","EQ","1,791.00","1,880.00","1,791.00","1,855.55","1,850.25","1,853.40","1,851.28","2,061.90","1,375.75",462295,"855,837,643.85",27942
"08-Aug-2011","EQ","1,745.00","1,863.80","1,720.00","1,785.35","1,854.00","1,855.55","1,826.69","2,061.90","1,375.75",446162,"815,001,151.70",16591
"05-Aug-2011","EQ","1,768.00","1,800.00","1,741.00","1,803.25","1,782.00","1,785.35","1,778.29","2,061.90","1,375.75",230939,"410,677,071.00",8071
"04-Aug-2011","EQ","1,788.80","1,830.00","1,788.80","1,803.00","1,798.00","1,803.25","1,815.40","2,061.90","1,375.75",330022,"599,121,438.80",9251
"03-Aug-2011","EQ","1,782.40","1,822.00","1,773.00","1,808.10","1,802.15","1,803.00","1,804.19","2,061.90","1,375.75",206311,"372,224,378.15",10574
"02-Aug-2011","EQ","1,787.20","1,816.50","1,773.00","1,794.40","1,811.00","1,808.10","1,793.54","2,061.90","1,375.75",155208,"278,371,125.05",13049
"01-Aug-2011","EQ","1,785.90","1,810.00","1,761.95","1,785.10","1,797.00","1,794.40","1,792.48","2,061.90","1,375.75",173754,"311,451,316.10",9280
"29-Jul-2011","EQ","1,792.00","1,816.20","1,773.00","1,823.70","1,791.00","1,785.10","1,799.23","2,061.90","1,375.75",429677,"773,089,175.30",20390
"28-Jul-2011","EQ","1,775.00","1,840.00","1,775.00","1,805.35","1,812.10","1,823.70","1,820.90","2,061.90","1,375.75",1168677,"2,128,041,969.40",26478
"27-Jul-2011","EQ","1,819.20","1,822.90","1,781.55","1,821.00","1,808.10","1,805.35","1,796.50","2,061.90","1,375.75",250502,"450,027,369.25",14137
"26-Jul-2011","EQ","1,833.00","1,847.05","1,805.70","1,826.50","1,822.00","1,821.00","1,822.86","2,061.90","1,375.75",580078,"1,057,400,345.35",12849
"25-Jul-2011","EQ","1,823.90","1,830.00","1,802.35","1,820.75","1,829.90","1,826.50","1,822.03","2,061.90","1,375.75",589496,"1,074,081,249.35",14184
"22-Jul-2011","EQ","1,795.00","1,822.85","1,788.00","1,785.25","1,819.95","1,820.75","1,810.10","2,061.90","1,375.75",527980,"955,694,397.85",19867
"21-Jul-2011","EQ","1,750.00","1,798.80","1,730.25","1,756.90","1,788.85","1,785.25","1,766.22","2,061.90","1,375.75",1691160,"2,986,965,720.00",58530
"20-Jul-2011","EQ","1,798.50","1,805.90","1,750.00","1,791.80","1,760.00","1,756.90","1,771.72","2,061.90","1,375.75",373294,"661,374,181.25",15103
"19-Jul-2011","EQ","1,822.50","1,823.10","1,788.05","1,817.00","1,795.15","1,791.80","1,799.34","2,061.90","1,375.75",375395,"675,464,577.60",16131
"18-Jul-2011","EQ","1,830.00","1,837.90","1,812.20","1,828.30","1,815.00","1,817.00","1,819.52","2,061.90","1,375.75",170750,"310,682,699.70",7845
"15-Jul-2011","EQ","1,850.00","1,859.70","1,810.05","1,850.95","1,838.45","1,828.30","1,828.50","2,061.90","1,375.75",323622,"591,743,826.60",16691
"14-Jul-2011","EQ","1,868.00","1,877.65","1,844.00","1,878.10","1,852.00","1,850.95","1,858.77","2,061.90","1,375.75",331334,"615,874,844.30",17140
"13-Jul-2011","EQ","1,860.50","1,886.50","1,860.50","1,860.50","1,877.00","1,878.10","1,876.35","2,061.90","1,375.75",132726,"249,040,836.25",7098
"12-Jul-2011","EQ","1,877.00","1,893.00","1,847.95","1,894.00","1,858.00","1,860.50","1,866.99","2,061.90","1,375.75",146487,"273,489,190.55",7693
"11-Jul-2011","EQ","1,891.00","1,924.70","1,882.15","1,902.20","1,891.10","1,894.00","1,905.25","2,061.90","1,375.75",207101,"394,579,376.55",10888
"08-Jul-2011","EQ","1,881.10","1,918.00","1,881.10","1,880.95","1,890.00","1,902.20","1,906.34","2,020.00","1,375.75",429962,"819,653,406.40",16684
"07-Jul-2011","EQ","1,866.00","1,885.00","1,866.00","1,864.25","1,878.25","1,880.95","1,878.45","2,020.00","1,375.75",369241,"693,600,348.65",15248
"06-Jul-2011","EQ","1,895.00","1,895.00","1,857.15","1,897.85","1,864.50","1,864.25","1,875.30","2,020.00","1,375.75",164926,"309,285,493.00",10889
"05-Jul-2011","EQ","1,893.00","1,905.00","1,875.20","1,898.35","1,897.00","1,897.85","1,894.88","2,061.90","1,375.75",199895,"378,777,379.25",10798
"04-Jul-2011","EQ","1,912.00","1,920.00","1,889.25","1,899.20","1,890.00","1,898.35","1,900.15","2,061.90","1,375.75",190595,"362,159,415.10",8751
"01-Jul-2011","EQ","1,890.00","1,903.90","1,883.00","1,877.20","1,894.50","1,899.20","1,896.49","2,061.90","1,375.75",449943,"853,310,348.50",26224
"30-Jun-2011","EQ","1,847.00","1,887.50","1,842.00","1,848.95","1,859.80","1,877.20","1,874.34","2,061.90","1,375.75",596638,"1,118,300,748.15",25499
"29-Jun-2011","EQ","1,844.00","1,878.75","1,840.80","1,846.95","1,851.00","1,848.95","1,860.32","2,061.90","1,375.75",447214,"831,961,402.05",19464
"28-Jun-2011","EQ","1,850.05","1,864.85","1,835.50","1,852.20","1,847.00","1,846.95","1,847.45","2,061.90","1,375.75",259402,"479,232,986.65",10490
"27-Jun-2011","EQ","1,833.10","1,865.50","1,833.10","1,864.75","1,852.00","1,852.20","1,852.51","2,061.90","1,375.75",457678,"847,851,802.10",23435
"24-Jun-2011","EQ","1,768.00","1,871.80","1,768.00","1,763.20","1,863.80","1,864.75","1,844.83","2,061.90","1,375.75",863114,"1,592,302,432.50",40009
"23-Jun-2011","EQ","1,732.05","1,768.45","1,717.05","1,747.95","1,764.90","1,763.20","1,754.61","2,061.90","1,375.75",353597,"620,423,087.60",31295
"22-Jun-2011","EQ","1,763.00","1,778.80","1,727.10","1,762.35","1,742.00","1,747.95","1,761.87","2,061.90","1,375.75",218404,"384,798,849.00",18865
"21-Jun-2011","EQ","1,747.00","1,778.40","1,741.10","1,740.25","1,756.75","1,762.35","1,762.54","2,061.90","1,375.75",239719,"422,513,271.90",13830
"20-Jun-2011","EQ","1,726.55","1,752.65","1,726.55","1,731.70","1,740.00","1,740.25","1,740.57","2,061.90","1,375.75",462979,"805,848,936.60",26574
"17-Jun-2011","EQ","1,726.10","1,745.00","1,725.05","1,736.85","1,733.50","1,731.70","1,734.78","2,061.90","1,375.75",287182,"498,196,341.85",11685
"16-Jun-2011","EQ","1,739.00","1,754.95","1,731.00","1,746.95","1,735.00","1,736.85","1,739.08","2,061.90","1,375.75",164588,"286,232,093.60",9743
"15-Jun-2011","EQ","1,735.35","1,755.00","1,725.75","1,736.15","1,747.00","1,746.95","1,740.30","2,061.90","1,375.75",213531,"371,607,637.35",19441
"14-Jun-2011","EQ","1,735.00","1,756.60","1,731.15","1,734.70","1,735.00","1,736.15","1,743.15","2,061.90","1,375.75",222867,"388,489,644.65",14694
"13-Jun-2011","EQ","1,715.00","1,747.40","1,708.50","1,724.40","1,735.20","1,734.70","1,730.73","2,061.90","1,375.75",360844,"624,522,535.55",17609
"10-Jun-2011","EQ","1,747.25","1,753.90","1,713.05","1,741.80","1,719.95","1,724.40","1,725.24","2,061.90","1,375.75",542605,"936,121,648.95",22791
"09-Jun-2011","EQ","1,768.90","1,785.90","1,736.35","1,763.90","1,738.25","1,741.80","1,754.54","2,061.90","1,375.75",735214,"1,289,960,436.90",31286
"08-Jun-2011","EQ","1,829.00","1,829.00","1,759.05","1,832.95","1,765.00","1,763.90","1,784.27","2,061.90","1,375.75",524850,"936,471,658.90",23865
"07-Jun-2011","EQ","1,868.70","1,868.70","1,828.25","1,860.50","1,830.00","1,832.95","1,841.06","2,061.90","1,375.75",225451,"415,069,836.75",12489
"06-Jun-2011","EQ","1,869.95","1,869.95","1,836.05","1,861.10","1,865.00","1,860.50","1,852.32","2,061.90","1,375.75",121572,"225,189,714.55",6492
"03-Jun-2011","EQ","1,872.00","1,883.90","1,850.00","1,871.15","1,855.25","1,861.10","1,864.41","2,070.00","1,375.75",163034,"303,962,694.40",10054
"02-Jun-2011","EQ","1,851.25","1,889.00","1,847.45","1,863.35","1,868.50","1,871.15","1,873.65","2,070.00","1,375.75",460843,"863,456,737.00",22614
"01-Jun-2011","EQ","1,845.10","1,875.05","1,845.10","1,854.75","1,856.00","1,863.35","1,860.14","2,070.00","1,375.75",238865,"444,322,216.60",12889
"31-May-2011","EQ","1,849.90","1,867.00","1,840.15","1,836.55","1,850.95","1,854.75","1,854.78","2,070.00","1,375.75",203942,"378,268,339.60",
"30-May-2011","EQ","1,854.00","1,870.00","1,829.90","1,850.35","1,831.30","1,836.55","1,852.30","2,070.00","1,375.75",192693,"356,925,671.10",
"27-May-2011","EQ","1,867.90","1,893.00","1,833.35","1,884.00","1,851.80","1,850.35","1,854.16","2,070.00","1,375.75",371051,"687,989,081.05",
"26-May-2011","EQ","1,818.00","1,949.00","1,798.00","1,806.05","1,886.10","1,884.00","1,851.75","2,070.00","1,375.75",844136,"1,563,131,490.85",
"25-May-2011","EQ","1,812.00","1,824.95","1,776.50","1,818.40","1,818.00","1,806.05","1,801.80","2,070.00","1,375.75",382503,"689,195,533.75",
"24-May-2011","EQ","1,800.00","1,826.00","1,775.40","1,788.85","1,816.00","1,818.40","1,809.66","2,070.00","1,375.75",391375,"708,256,140.20",
"23-May-2011","EQ","1,790.00","1,806.35","1,759.50","1,808.75","1,802.80","1,788.85","1,782.28","2,070.00","1,375.75",222519,"396,590,364.75",
"20-May-2011","EQ","1,785.00","1,835.05","1,773.50","1,793.45","1,805.00","1,808.75","1,811.74","2,070.00","1,375.75",328609,"595,355,648.85",
"19-May-2011","EQ","1,825.25","1,837.40","1,790.00","1,841.65","1,790.00","1,793.45","1,803.06","2,070.00","1,375.75",291385,"525,385,654.45",
"18-May-2011","EQ","1,804.15","1,853.80","1,798.00","1,802.75","1,833.00","1,841.65","1,834.92","2,070.00","1,375.75",540674,"992,091,318.20",
"17-May-2011","EQ","1,851.00","1,855.95","1,791.00","1,862.85","1,797.95","1,802.75","1,812.30","2,070.00","1,375.75",571114,"1,035,027,889.35",
"16-May-2011","EQ","1,778.00","1,880.00","1,763.05","1,798.00","1,872.00","1,862.85","1,832.63","2,070.00","1,375.75",948427,"1,738,115,709.45",
"13-May-2011","EQ","1,750.20","1,812.65","1,750.20","1,750.20","1,799.70","1,798.00","1,787.09","2,070.00","1,375.75",436312,"779,729,642.15",
"12-May-2011","EQ","1,769.00","1,790.00","1,743.10","1,776.15","1,752.50","1,750.20","1,767.20","2,070.00","1,375.75",374931,"662,578,134.35",
"11-May-2011","EQ","1,714.00","1,800.00","1,714.00","1,713.90","1,775.00","1,776.15","1,773.77","2,070.00","1,375.75",1087153,"1,928,354,070.80",
"10-May-2011","EQ","1,725.50","1,759.95","1,704.10","1,742.80","1,713.25","1,713.90","1,726.66","2,070.00","1,375.75",507755,"876,721,607.25",
"09-May-2011","EQ","1,752.10","1,765.50","1,728.35","1,765.55","1,741.05","1,742.80","1,741.80","2,070.00","1,375.75",325567,"567,073,646.85",
"06-May-2011","EQ","1,701.90","1,780.00","1,668.45","1,697.45","1,767.00","1,765.55","1,733.78","2,070.00","1,375.75",853507,"1,479,789,135.05",
"05-May-2011","EQ","1,610.00","1,712.80","1,600.00","1,598.70","1,694.00","1,697.45","1,683.91","2,070.00","1,375.75",1348468,"2,270,704,805.90",
"04-May-2011","EQ","1,654.00","1,654.00","1,575.15","1,656.70","1,612.90","1,598.70","1,607.33","2,070.00","1,375.75",701193,"1,127,051,875.15",
"03-May-2011","EQ","1,686.00","1,709.00","1,647.05","1,689.25","1,655.00","1,656.70","1,675.97","2,070.00","1,375.75",273781,"458,847,482.20",
"02-May-2011","EQ","1,715.00","1,722.90","1,680.00","1,710.00","1,688.05","1,689.25","1,693.93","2,070.00","1,375.75",279917,"474,158,762.55",
"29-Apr-2011","EQ","1,688.90","1,728.85","1,651.15","1,695.45","1,708.00","1,710.00","1,680.07","2,070.00","1,375.75",713420,"1,198,597,597.20",
"28-Apr-2011","EQ","1,748.00","1,757.25","1,686.25","1,742.40","1,688.90","1,695.45","1,714.02","2,070.00","1,375.75",590224,"1,011,658,461.10",
"27-Apr-2011","EQ","1,775.00","1,797.00","1,731.70","1,771.35","1,746.00","1,742.40","1,766.04","2,070.00","1,375.75",305033,"538,701,843.35",
"26-Apr-2011","EQ","1,775.00","1,792.00","1,753.65","1,773.60","1,773.00","1,771.35","1,770.91","2,070.00","1,375.75",405596,"718,272,908.85",
"25-Apr-2011","EQ","1,790.00","1,800.00","1,764.50","1,787.20","1,772.00","1,773.60","1,784.44","2,070.00","1,375.75",194999,"347,963,896.10",
"21-Apr-2011","EQ","1,750.00","1,799.95","1,750.00","1,742.60","1,785.00","1,787.20","1,783.35","2,070.00","1,375.75",507364,"904,807,356.45",
"20-Apr-2011","EQ","1,722.90","1,749.70","1,701.10","1,766.85","1,740.00","1,742.60","1,724.07","2,070.00","1,375.75",725802,"1,251,331,509.05",
"19-Apr-2011","EQ","1,863.00","1,883.00","1,760.00","1,863.85","1,766.00","1,766.85","1,804.17","2,070.00","1,375.75",1315296,"2,373,023,244.20",
"18-Apr-2011","EQ","1,840.00","1,949.80","1,815.00","1,831.75","1,863.20","1,863.85","1,897.54","2,070.00","1,375.75",2489646,"4,724,213,625.35",
"15-Apr-2011","EQ","1,750.00","1,848.00","1,740.00","1,735.15","1,841.00","1,831.75","1,803.12","2,094.00","1,375.75",1182968,"2,133,030,324.35",
"13-Apr-2011","EQ","1,630.00","1,770.00","1,628.00","1,638.30","1,759.00","1,735.15","1,707.03","2,094.00","1,375.75",753957,"1,287,028,097.75",
"11-Apr-2011","EQ","1,645.00","1,657.50","1,624.05","1,663.45","1,639.00","1,638.30","1,640.28","2,094.00","1,375.75",198337,"325,328,919.90",
"08-Apr-2011","EQ","1,691.00","1,691.80","1,655.00","1,694.85","1,662.00","1,663.45","1,670.02","2,094.00","1,375.75",384032,"641,341,477.95",
"07-Apr-2011","EQ","1,680.00","1,708.70","1,675.00","1,682.30","1,695.90","1,694.85","1,692.90","2,094.00","1,375.75",397379,"672,721,562.80",
"06-Apr-2011","EQ","1,640.15","1,689.00","1,640.15","1,643.25","1,682.00","1,682.30","1,667.01","2,094.00","1,375.75",308362,"514,043,372.15",
"05-Apr-2011","EQ","1,620.00","1,653.80","1,620.00","1,617.90","1,649.00","1,643.25","1,634.84","2,094.00","1,375.75",296575,"484,852,453.50",
"04-Apr-2011","EQ","1,630.00","1,640.00","1,613.00","1,602.75","1,619.60","1,617.90","1,628.71","2,094.00","1,375.75",303895,"494,956,539.75",
"01-Apr-2011","EQ","1,595.00","1,635.40","1,592.65","1,589.45","1,600.00","1,602.75","1,614.84","2,094.00","1,375.75",310597,"501,565,566.95",
"31-Mar-2011","EQ","1,560.00","1,619.00","1,558.15","1,557.55","1,599.00","1,589.45","1,597.38","2,094.00","1,375.75",921560,"1,472,081,981.35",
"30-Mar-2011","EQ","1,554.00","1,573.70","1,550.00","1,544.60","1,562.10","1,557.55","1,563.70","2,094.00","1,375.75",223344,"349,243,975.20",
"29-Mar-2011","EQ","1,512.80","1,583.00","1,511.00","1,500.75","1,530.85","1,544.60","1,557.72","2,094.00","1,375.75",745612,"1,161,457,524.80",
"28-Mar-2011","EQ","1,489.00","1,510.35","1,481.55","1,491.25","1,502.00","1,500.75","1,500.59","2,094.00","1,375.75",372810,"559,434,370.45",
"25-Mar-2011","EQ","1,499.00","1,499.00","1,472.35","1,475.60","1,489.95","1,491.25","1,487.25","2,094.00","1,375.75",455606,"677,601,810.20",
"24-Mar-2011","EQ","1,450.35","1,482.00","1,450.35","1,450.35","1,478.10","1,475.60","1,470.42","2,094.00","1,375.75",210250,"309,155,968.40",
"23-Mar-2011","EQ","1,446.00","1,464.95","1,443.20","1,441.40","1,446.10","1,450.35","1,453.23","2,094.00","1,375.75",323928,"470,741,328.75",
"22-Mar-2011","EQ","1,445.00","1,452.80","1,413.80","1,434.25","1,442.00","1,441.40","1,438.54","2,094.00","1,375.75",393956,"566,721,948.45",
"21-Mar-2011","EQ","1,490.90","1,493.35","1,422.55","1,473.50","1,442.10","1,434.25","1,462.34","2,094.00","1,375.75",416861,"609,590,670.75",
"18-Mar-2011","EQ","1,510.05","1,528.70","1,458.60","1,510.15","1,470.00","1,473.50","1,494.48","2,094.00","1,375.75",361084,"539,634,262.00",
"17-Mar-2011","EQ","1,493.05","1,528.00","1,493.05","1,516.40","1,518.00","1,510.15","1,515.22","2,094.00","1,375.75",202993,"307,579,293.80",
"16-Mar-2011","EQ","1,517.00","1,525.00","1,508.00","1,524.00","1,516.30","1,516.40","1,517.76","2,094.00","1,375.75",309358,"469,530,262.90",
"15-Mar-2011","EQ","1,509.00","1,539.90","1,490.00","1,531.10","1,528.00","1,524.00","1,515.79","2,094.00","1,375.75",416018,"630,596,442.70",
"14-Mar-2011","EQ","1,520.50","1,549.90","1,507.00","1,530.15","1,530.65","1,531.10","1,527.04","2,094.00","1,375.75",468650,"715,645,224.75",
"11-Mar-2011","EQ","1,540.00","1,560.00","1,525.80","1,536.30","1,528.50","1,530.15","1,539.45","2,094.00","1,375.75",1235111,"1,901,389,967.55",
"10-Mar-2011","EQ","1,526.00","1,574.85","1,520.20","1,537.70","1,533.00","1,536.30","1,548.33","2,094.00","1,375.75",915890,"1,418,102,752.90",
"09-Mar-2011","EQ","1,510.00","1,548.20","1,492.00","1,515.05","1,537.55","1,537.70","1,525.89","2,094.00","1,375.75",623731,"951,747,819.05",
"08-Mar-2011","EQ","1,544.45","1,545.00","1,471.00","1,532.80","1,520.00","1,515.05","1,499.70","2,094.00","1,375.75",1494246,"2,240,928,119.55",
"07-Mar-2011","EQ","1,528.90","1,548.00","1,520.00","1,536.80","1,533.00","1,532.80","1,532.65","2,094.00","1,375.75",539119,"826,281,571.10",
"04-Mar-2011","EQ","1,520.00","1,554.45","1,507.20","1,506.40","1,536.00","1,536.80","1,540.30","2,094.00","1,375.75",475633,"732,618,941.80",
"03-Mar-2011","EQ","1,497.50","1,517.40","1,482.00","1,491.85","1,504.00","1,506.40","1,504.58","2,094.00","1,375.75",896338,"1,348,612,971.00",
"01-Mar-2011","EQ","1,475.20","1,510.00","1,470.55","1,465.20","1,490.00","1,491.85","1,496.43","2,094.00","1,375.75",538135,"805,282,838.20",
"28-Feb-2011","EQ","1,486.50","1,530.00","1,440.20","1,500.55","1,458.20","1,465.20","1,474.75","2,094.00","1,375.75",800390,"1,180,373,557.70",
"25-Feb-2011","EQ","1,508.70","1,512.00","1,451.05","1,494.75","1,505.30","1,500.55","1,473.74","2,094.00","1,375.75",1217351,"1,794,052,970.95",
"24-Feb-2011","EQ","1,494.75","1,522.00","1,463.10","1,472.30","1,469.45","1,494.75","1,499.99","2,094.00","1,375.75",1420337,"2,130,496,958.25",
"23-Feb-2011","EQ","1,387.00","1,517.70","1,378.00","1,390.55","1,500.95","1,472.30","1,436.88","2,094.00","1,375.75",1229812,"1,767,098,367.60",
"22-Feb-2011","EQ","1,438.00","1,438.00","1,375.75","1,438.85","1,388.90","1,390.55","1,392.97","2,094.00","1,375.75",887934,"1,236,869,316.85",
"21-Feb-2011","EQ","1,467.20","1,474.90","1,418.05","1,464.90","1,433.00","1,438.85","1,431.92","2,094.00","1,415.15",533743,"764,279,908.40",
"18-Feb-2011","EQ","1,505.00","1,523.00","1,455.00","1,498.10","1,463.05","1,464.90","1,493.73","2,094.00","1,415.15",282217,"421,556,464.60",
"17-Feb-2011","EQ","1,500.00","1,509.80","1,484.00","1,492.80","1,497.05","1,498.10","1,496.63","2,094.00","1,415.15",255736,"382,741,142.30",
"16-Feb-2011","EQ","1,501.25","1,532.25","1,485.25","1,517.00","1,489.95","1,492.80","1,511.58","2,094.00","1,415.15",208174,"314,670,710.65",
"15-Feb-2011","EQ","1,539.00","1,539.80","1,501.00","1,527.10","1,515.90","1,517.00","1,516.04","2,094.00","1,415.15",237967,"360,767,090.70",
"14-Feb-2011","EQ","1,477.00","1,542.00","1,477.00","1,469.50","1,528.10","1,527.10","1,512.37","2,094.00","1,415.15",605925,"916,385,070.05",
"11-Feb-2011","EQ","1,426.00","1,494.90","1,426.00","1,449.30","1,470.50","1,469.50","1,464.58","2,094.00","1,415.15",839798,"1,229,953,911.75",
"10-Feb-2011","EQ","1,443.10","1,486.00","1,432.70","1,440.55","1,447.00","1,449.30","1,460.66","2,094.00","1,415.15",277371,"405,145,009.55",
"09-Feb-2011","EQ","1,516.10","1,516.10","1,415.15","1,506.95","1,476.00","1,440.55","1,473.28","2,094.00","1,415.15",512711,"755,365,545.85",
"08-Feb-2011","EQ","1,598.00","1,598.00","1,499.00","1,583.20","1,509.00","1,506.95","1,533.97","2,094.00","1,499.00",351230,"538,775,790.80",
"07-Feb-2011","EQ","1,540.00","1,599.00","1,540.00","1,537.20","1,596.00","1,583.20","1,571.92","2,094.00","1,505.30",1246341,"1,959,151,402.85",
"04-Feb-2011","EQ","1,550.00","1,584.00","1,517.45","1,563.75","1,518.05","1,537.20","1,551.21","2,094.00","1,505.30",873362,"1,354,763,771.95",
"03-Feb-2011","EQ","1,510.00","1,574.00","1,505.30","1,522.80","1,571.00","1,563.75","1,555.83","2,094.00","1,505.30",919048,"1,429,883,855.80",
"02-Feb-2011","EQ","1,602.00","1,634.70","1,508.05","1,610.35","1,511.85","1,522.80","1,577.16","2,094.00","1,508.05",1471867,"2,321,371,211.55",
"01-Feb-2011","EQ","1,665.00","1,668.00","1,591.15","1,633.10","1,595.00","1,610.35","1,624.78","2,094.00","1,522.65",747744,"1,214,919,152.65",
"31-Jan-2011","EQ","1,630.00","1,650.00","1,591.00","1,656.95","1,640.35","1,633.10","1,620.29","2,094.00","1,522.65",333964,"541,118,983.40",
"28-Jan-2011","EQ","1,725.00","1,729.80","1,636.90","1,724.00","1,647.00","1,656.95","1,673.60","2,094.00","1,495.00",662639,"1,108,995,791.45",
"27-Jan-2011","EQ","1,795.00","1,795.00","1,710.50","1,774.55","1,719.95","1,724.00","1,753.62","2,094.00","1,495.00",405139,"710,460,151.95",
"25-Jan-2011","EQ","1,750.00","1,784.05","1,744.00","1,744.30","1,780.00","1,774.55","1,771.50","2,094.00","1,495.00",267721,"474,268,575.80",
"24-Jan-2011","EQ","1,769.35","1,769.35","1,734.35","1,753.25","1,745.00","1,744.30","1,747.97","2,094.00","1,495.00",133201,"232,831,049.00",
"21-Jan-2011","EQ","1,760.00","1,781.90","1,742.00","1,776.20","1,750.00","1,753.25","1,764.07","2,094.00","1,495.00",108075,"190,651,707.65",
"20-Jan-2011","EQ","1,775.00","1,808.70","1,760.35","1,764.35","1,765.00","1,776.20","1,783.52","2,094.00","1,495.00",339317,"605,179,151.90",
"19-Jan-2011","EQ","1,787.00","1,807.60","1,749.30","1,786.85","1,755.00","1,764.35","1,782.77","2,094.00","1,495.00",218542,"389,611,109.10",
"18-Jan-2011","EQ","1,788.00","1,794.00","1,756.00","1,787.75","1,786.00","1,786.85","1,777.21","2,094.00","1,495.00",199334,"354,258,781.85",
"17-Jan-2011","EQ","1,796.00","1,810.00","1,765.05","1,815.05","1,798.95","1,787.75","1,781.69","2,094.00","1,495.00",225503,"401,775,672.60",
"14-Jan-2011","EQ","1,810.00","1,850.00","1,802.50","1,825.75","1,810.00","1,815.05","1,824.19","2,094.00","1,495.00",324542,"592,026,999.95",
"13-Jan-2011","EQ","1,851.50","1,885.00","1,816.30","1,874.00","1,817.10","1,825.75","1,841.15","2,094.00","1,495.00",434079,"799,205,511.50",
"12-Jan-2011","EQ","1,841.00","1,885.00","1,810.00","1,845.50","1,865.30","1,874.00","1,849.35","2,094.00","1,495.00",384124,"710,378,069.30",
"11-Jan-2011","EQ","1,801.00","1,873.80","1,801.00","1,797.60","1,850.50","1,845.50","1,838.50","2,094.00","1,495.00",310885,"571,562,103.35",
"10-Jan-2011","EQ","1,879.00","1,885.00","1,777.00","1,879.85","1,813.00","1,797.60","1,816.01","2,094.00","1,495.00",717095,"1,302,250,045.75",
"07-Jan-2011","EQ","1,863.60","1,909.00","1,845.00","1,886.25","1,875.00","1,879.85","1,878.69","2,094.00","1,495.00",725768,"1,363,493,318.55",
"06-Jan-2011","EQ","1,918.55","1,918.70","1,860.00","1,903.40","1,865.00","1,886.25","1,887.63","2,094.00","1,495.00",285534,"538,982,028.00",
"05-Jan-2011","EQ","1,983.70","1,983.70","1,895.00","1,979.35","1,897.30","1,903.40","1,932.00","2,094.00","1,495.00",365704,"706,538,800.95",
"04-Jan-2011","EQ","1,980.15","1,988.90","1,956.25","1,986.60","1,980.00","1,979.35","1,976.90","2,094.00","1,495.00",354865,"701,531,143.90",
"03-Jan-2011","EQ","2,014.00","2,020.00","1,958.30","1,988.15","1,990.00","1,986.60","1,987.53","2,094.00","1,495.00",564296,"1,121,557,728.45",
"31-Dec-2010","EQ","1,983.00","2,015.00","1,968.30","1,993.65","1,987.25","1,988.15","1,997.14","2,094.00","1,495.00",425565,"849,911,730.20",
"30-Dec-2010","EQ","1,956.25","2,019.00","1,941.10","1,956.25","1,983.15","1,993.65","1,977.71","2,094.00","1,495.00",939385,"1,857,834,055.10",
"29-Dec-2010","EQ","1,945.00","1,963.70","1,935.05","1,944.90","1,954.00","1,956.25","1,947.63","2,094.00","1,495.00",307041,"598,003,176.40",
"28-Dec-2010","EQ","1,936.95","1,953.00","1,920.00","1,937.85","1,940.30","1,944.90","1,939.57","2,094.00","1,495.00",262404,"508,950,322.95",
"27-Dec-2010","EQ","1,920.00","1,950.00","1,920.00","1,930.60","1,933.90","1,937.85","1,942.41","2,094.00","1,495.00",266023,"516,725,736.90",
"24-Dec-2010","EQ","1,892.00","1,952.00","1,892.00","1,922.80","1,929.00","1,930.60","1,928.94","2,094.00","1,495.00",964839,"1,861,120,275.50",
"23-Dec-2010","EQ","1,928.80","1,940.00","1,917.10","1,939.85","1,920.05","1,922.80","1,927.91","2,094.00","1,495.00",530885,"1,023,496,300.65",
"22-Dec-2010","EQ","1,966.00","1,967.70","1,917.00","1,972.50","1,928.30","1,939.85","1,938.50","2,094.00","1,495.00",1195471,"2,317,422,952.15",
"21-Dec-2010","EQ","1,988.80","1,988.80","1,908.65","1,980.50","1,978.00","1,972.50","1,950.13","2,094.00","1,495.00",2886164,"5,628,405,212.85",
"20-Dec-2010","EQ","1,770.00","1,997.00","1,770.00","1,681.70","1,983.00","1,980.50","1,914.01","2,094.00","1,495.00",6157352,"11,785,230,195.25",
"16-Dec-2010","EQ","1,621.00","1,702.50","1,588.50","1,621.55","1,696.00","1,681.70","1,643.20","2,094.00","1,495.00",3264774,"5,364,670,865.50",
"15-Dec-2010","EQ","1,706.00","1,740.90","1,559.00","1,712.75","1,624.00","1,621.55","1,641.94","2,094.00","1,495.00",2425129,"3,981,920,099.70",
"14-Dec-2010","EQ","1,758.00","1,758.00","1,705.50","1,773.95","1,717.00","1,712.75","1,718.78","2,094.00","1,495.00",609137,"1,046,969,471.55",
"13-Dec-2010","EQ","1,785.25","1,799.00","1,745.20","1,785.30","1,774.80","1,773.95","1,771.65","2,094.00","1,495.00",252131,"446,686,644.60",
"10-Dec-2010","EQ","1,752.00","1,795.00","1,729.55","1,749.90","1,767.20","1,785.30","1,762.48","2,094.00","1,495.00",247544,"436,290,361.15",
"09-Dec-2010","EQ","1,767.00","1,778.00","1,710.10","1,758.10","1,755.05","1,749.90","1,753.20","2,094.00","1,495.00",283575,"497,164,874.40",
"08-Dec-2010","EQ","1,789.95","1,800.00","1,751.00","1,789.35","1,752.45","1,758.10","1,765.25","2,094.00","1,495.00",347505,"613,433,701.35",
"07-Dec-2010","EQ","1,770.00","1,800.00","1,764.80","1,774.80","1,787.10","1,789.35","1,791.33","2,094.00","1,495.00",306300,"548,683,664.15",
"06-Dec-2010","EQ","1,802.00","1,814.35","1,743.40","1,839.55","1,771.00","1,774.80","1,785.50","2,094.00","1,495.00",660877,"1,179,996,641.30",
"03-Dec-2010","EQ","1,775.00","1,884.80","1,775.00","1,781.20","1,829.00","1,839.55","1,834.29","2,094.00","1,495.00",2189933,"4,016,977,450.90",
"02-Dec-2010","EQ","1,927.00","1,935.00","1,771.00","1,925.45","1,784.70","1,781.20","1,816.52","2,094.00","1,495.00",1821292,"3,308,411,666.40",
"01-Dec-2010","EQ","1,962.20","2,005.00","1,900.00","1,982.70","1,921.00","1,925.45","1,957.63","2,094.00","1,495.00",448708,"878,402,511.75",
"30-Nov-2010","EQ","1,948.00","2,061.90","1,929.00","1,946.50","1,967.80","1,982.70","1,986.83","2,094.00","1,495.00",575576,"1,143,570,668.85",
"29-Nov-2010","EQ","1,950.60","1,960.00","1,931.10","1,936.55","1,951.00","1,946.50","1,943.56","2,094.00","1,495.00",100210,"194,764,426.15",
"26-Nov-2010","EQ","1,950.00","1,969.00","1,927.50","1,951.05","1,938.00","1,936.55","1,954.08","2,094.00","1,495.00",280632,"548,378,015.35",
"25-Nov-2010","EQ","1,905.30","1,970.00","1,902.35","1,931.40","1,957.00","1,951.05","1,941.19","2,094.00","1,495.00",307208,"596,349,443.75",
"24-Nov-2010","EQ","1,968.00","1,970.00","1,919.10","1,957.65","1,924.00","1,931.40","1,950.23","2,094.00","1,495.00",170306,"332,135,416.95",
"23-Nov-2010","EQ","1,945.00","1,964.00","1,922.00","1,954.60","1,964.00","1,957.65","1,942.72","2,094.00","1,495.00",205254,"398,751,819.05",
"22-Nov-2010","EQ","1,937.00","1,964.55","1,912.60","1,944.50","1,956.00","1,954.60","1,949.75","2,094.00","1,495.00",336506,"656,103,386.30",
"19-Nov-2010","EQ","1,903.15","1,960.00","1,896.00","1,913.35","1,936.00","1,944.50","1,935.43","2,094.00","1,495.00",988584,"1,913,331,480.75",
"18-Nov-2010","EQ","1,868.70","1,955.00","1,822.75","1,817.50","1,925.30","1,913.35","1,903.50","2,094.00","1,495.00",1047005,"1,992,970,049.85",
"16-Nov-2010","EQ","1,840.00","1,840.00","1,800.00","1,833.80","1,810.90","1,817.50","1,816.37","2,094.00","1,495.00",138058,"250,764,494.90",
"15-Nov-2010","EQ","1,816.15","1,852.90","1,807.10","1,824.55","1,836.00","1,833.80","1,834.22","2,094.00","1,495.00",240297,"440,757,334.30",
"12-Nov-2010","EQ","1,800.00","1,834.90","1,795.00","1,819.90","1,825.00","1,824.55","1,820.94","2,094.00","1,477.00",175648,"319,844,705.80",
"11-Nov-2010","EQ","1,810.00","1,832.95","1,807.05","1,809.95","1,827.00","1,819.90","1,822.31","2,094.00","1,477.00",197260,"359,469,540.10",
"10-Nov-2010","EQ","1,828.00","1,838.00","1,800.00","1,827.25","1,810.00","1,809.95","1,818.42","2,094.00","1,477.00",193796,"352,402,283.80",
"09-Nov-2010","EQ","1,835.00","1,840.00","1,820.00","1,829.35","1,828.00","1,827.25","1,829.43","2,094.00","1,477.00",548506,"1,003,450,615.95",
"08-Nov-2010","EQ","1,874.00","1,874.00","1,818.00","1,845.90","1,830.00","1,829.35","1,831.48","2,094.00","1,477.00",445644,"816,186,769.20",
"05-Nov-2010","EQ","1,868.00","1,874.80","1,831.25","1,840.60","1,840.00","1,845.90","1,851.71","2,094.00","1,460.50",50630,"93,751,927.25",
"04-Nov-2010","EQ","1,875.00","1,886.30","1,832.00","1,867.65","1,842.10","1,840.60","1,840.85","2,094.00","1,460.50",469003,"863,366,139.50",
"03-Nov-2010","EQ","1,853.00","1,878.00","1,853.00","1,852.95","1,869.90","1,867.65","1,867.51","2,094.00","1,460.50",79790,"149,008,505.65",
"02-Nov-2010","EQ","1,850.00","1,873.00","1,849.95","1,838.35","1,853.00","1,852.95","1,853.73","2,094.00","1,460.50",981260,"1,818,986,293.50",
"01-Nov-2010","EQ","1,841.60","1,850.00","1,815.55","1,865.25","1,845.00","1,838.35","1,833.49","2,094.00","1,460.50",324812,"595,540,597.30",
"29-Oct-2010","EQ","1,910.00","1,920.00","1,845.55","1,907.75","1,862.00","1,865.25","1,868.64","2,094.00","1,460.50",471926,"881,858,148.60",
"28-Oct-2010","EQ","1,865.50","1,927.00","1,865.15","1,859.30","1,896.25","1,907.75","1,901.02","2,094.00","1,460.50",835409,"1,588,127,577.65",
"27-Oct-2010","EQ","1,867.00","1,874.90","1,846.00","1,864.20","1,846.00","1,859.30","1,861.58","2,094.00","1,460.50",258194,"480,649,373.65",
"26-Oct-2010","EQ","1,869.00","1,878.85","1,855.00","1,862.95","1,860.00","1,864.20","1,868.43","2,094.00","1,460.50",602094,"1,124,971,481.70",
"25-Oct-2010","EQ","1,870.00","1,885.00","1,843.05","1,853.95","1,863.00","1,862.95","1,863.94","2,094.00","1,460.50",578378,"1,078,059,090.15",
"22-Oct-2010","EQ","1,841.00","1,871.00","1,831.20","1,852.65","1,855.00","1,853.95","1,859.79","2,094.00","1,460.50",231839,"431,171,618.10",
"21-Oct-2010","EQ","1,841.00","1,860.00","1,840.50","1,838.70","1,845.25","1,852.65","1,848.35","2,094.00","1,460.50",556608,"1,028,806,731.65",
"20-Oct-2010","EQ","1,836.00","1,855.90","1,830.00","1,836.75","1,838.70","1,838.70","1,840.84","2,094.00","1,460.50",159957,"294,455,930.20",
"19-Oct-2010","EQ","1,820.00","1,854.90","1,800.25","1,802.25","1,836.95","1,836.75","1,828.77","2,094.00","1,460.50",282949,"517,448,911.60",
"18-Oct-2010","EQ","1,800.00","1,815.00","1,793.00","1,789.75","1,803.00","1,802.25","1,802.65","2,094.00","1,460.50",377540,"680,572,609.45",
"15-Oct-2010","EQ","1,861.00","1,875.00","1,777.10","1,861.55","1,800.00","1,789.75","1,817.05","2,094.00","1,460.50",352063,"639,716,696.05",
"14-Oct-2010","EQ","1,883.00","1,894.00","1,846.00","1,879.50","1,854.00","1,861.55","1,875.35","2,094.00","1,460.50",427405,"801,534,916.15",
"13-Oct-2010","EQ","1,878.45","1,889.00","1,861.00","1,878.45","1,877.30","1,879.50","1,878.70","2,094.00","1,460.50",323820,"608,361,449.40",
"12-Oct-2010","EQ","1,872.10","1,888.00","1,858.35","1,874.20","1,872.20","1,878.45","1,879.73","2,094.00","1,460.50",274892,"516,723,609.00",
"11-Oct-2010","EQ","1,845.00","1,879.80","1,845.00","1,844.15","1,875.00","1,874.20","1,867.02","2,094.00","1,460.50",560192,"1,045,890,024.85",
"08-Oct-2010","EQ","1,843.00","1,850.05","1,828.00","1,843.60","1,850.00","1,844.15","1,842.17","2,094.00","1,460.50",446061,"821,721,517.50",
"07-Oct-2010","EQ","1,823.00","1,851.00","1,823.00","1,822.85","1,837.00","1,843.60","1,842.40","2,094.00","1,460.50",548828,"1,011,161,359.85",
"06-Oct-2010","EQ","1,815.95","1,835.00","1,807.00","1,801.10","1,819.95","1,822.85","1,822.06","2,094.00","1,460.50",221390,"403,386,532.95",
"05-Oct-2010","EQ","1,805.00","1,820.00","1,793.00","1,805.50","1,799.60","1,801.10","1,810.59","2,094.00","1,460.50",270704,"490,132,907.25",
"04-Oct-2010","EQ","1,848.20","1,859.00","1,795.20","1,848.20","1,798.00","1,805.50","1,829.67","2,094.00","1,460.50",462131,"845,548,192.30",
"01-Oct-2010","EQ","1,865.00","1,865.00","1,830.00","1,858.00","1,836.05","1,848.20","1,844.38","2,094.00","1,460.50",366450,"675,872,281.55",
"30-Sep-2010","EQ","1,865.10","1,874.90","1,836.05","1,865.10","1,870.00","1,858.00","1,853.72","2,094.00","1,460.50",537861,"997,044,993.75",
"29-Sep-2010","EQ","1,863.10","1,877.95","1,852.10","1,854.85","1,863.00","1,865.10","1,867.79","2,094.00","1,460.50",328309,"613,211,927.40",
"28-Sep-2010","EQ","1,860.35","1,875.00","1,846.25","1,860.35","1,851.20","1,854.85","1,859.63","2,094.00","1,460.50",245554,"456,639,903.55",
"27-Sep-2010","EQ","1,875.00","1,888.00","1,851.15","1,863.75","1,859.00","1,860.35","1,868.67","2,094.00","1,460.50",289297,"540,599,984.30",
"24-Sep-2010","EQ","1,800.00","1,875.00","1,787.50","1,805.35","1,850.00","1,863.75","1,840.51","2,094.00","1,460.50",438846,"807,701,202.20",
"23-Sep-2010","EQ","1,815.00","1,815.00","1,781.60","1,814.10","1,804.90","1,805.35","1,795.60","2,094.00","1,460.50",265090,"475,995,154.10",
"22-Sep-2010","EQ","1,809.90","1,819.00","1,764.00","1,809.05","1,816.00","1,814.10","1,799.78","2,094.00","1,460.50",533460,"960,109,969.10",
"21-Sep-2010","EQ","1,826.00","1,869.00","1,780.20","1,821.25","1,795.60","1,809.05","1,838.88","2,094.00","1,460.50",702407,"1,291,645,049.85",
"20-Sep-2010","EQ","1,750.00","1,832.00","1,747.10","1,745.15","1,823.60","1,821.25","1,791.06","2,094.00","1,460.50",678887,"1,215,929,620.85",
"17-Sep-2010","EQ","1,735.25","1,767.85","1,735.25","1,733.30","1,744.00","1,745.15","1,754.55","2,094.00","1,460.50",251514,"441,294,607.50",
"16-Sep-2010","EQ","1,745.00","1,769.90","1,721.15","1,742.15","1,738.90","1,733.30","1,749.19","2,094.00","1,460.50",304038,"531,820,660.75",
"15-Sep-2010","EQ","1,712.00","1,747.65","1,712.00","1,721.70","1,747.65","1,742.15","1,737.85","2,094.00","1,460.50",324208,"563,424,078.20",
"14-Sep-2010","EQ","1,734.50","1,744.90","1,715.00","1,727.70","1,716.00","1,721.70","1,730.82","2,094.00","1,460.50",297159,"514,329,718.90",
"13-Sep-2010","EQ","1,740.20","1,748.90","1,723.15","1,733.15","1,727.50","1,727.70","1,737.37","2,094.00","1,460.50",191565,"332,819,286.45",
"09-Sep-2010","EQ","1,710.00","1,738.85","1,706.50","1,705.75","1,734.00","1,733.15","1,727.08","2,094.00","1,460.50",526854,"909,921,053.40",
"08-Sep-2010","EQ","1,708.00","1,714.50","1,698.00","1,708.85","1,705.00","1,705.75","1,706.16","2,094.00","1,460.50",364977,"622,709,541.10",
"07-Sep-2010","EQ","1,705.00","1,728.00","1,704.00","1,703.30","1,708.80","1,708.85","1,711.94","2,094.00","1,460.50",526619,"901,538,812.55",
"06-Sep-2010","EQ","1,720.00","1,749.00","1,693.00","1,736.90","1,701.00","1,703.30","1,708.50","2,094.00","1,460.50",929677,"1,588,349,162.00",
"03-Sep-2010","EQ","1,705.00","1,747.80","1,701.00","1,695.70","1,739.00","1,736.90","1,733.41","2,094.00","1,460.50",1272843,"2,206,355,571.35",
"02-Sep-2010","EQ","1,775.00","1,777.80","1,690.00","1,764.80","1,694.00","1,695.70","1,717.72","2,094.00","1,460.50",872887,"1,499,372,217.00",
"01-Sep-2010","EQ","1,795.20","1,809.45","1,740.00","1,791.55","1,761.00","1,764.80","1,766.12","2,094.00","1,460.50",756310,"1,335,731,574.40",
"31-Aug-2010","EQ","1,785.00","1,804.35","1,669.90","1,791.00","1,796.05","1,791.55","1,754.00","2,094.00","1,460.50",1490941,"2,615,116,219.15",
"30-Aug-2010","EQ","1,790.00","1,804.80","1,768.00","1,785.75","1,790.00","1,791.00","1,789.91","2,094.00","1,460.50",443800,"794,360,079.25",
"27-Aug-2010","EQ","1,852.00","1,870.00","1,772.90","1,846.85","1,782.95","1,785.75","1,820.71","2,094.00","1,454.90",338909,"617,055,115.85",
"26-Aug-2010","EQ","1,838.00","1,857.70","1,826.60","1,838.20","1,851.00","1,846.85","1,843.60","2,094.00","1,454.90",569187,"1,049,354,142.25",
"25-Aug-2010","EQ","1,889.00","1,889.00","1,832.00","1,889.95","1,840.25","1,838.20","1,852.80","2,094.00","1,454.90",457392,"847,455,686.90",
"24-Aug-2010","EQ","1,917.55","1,933.00","1,885.15","1,924.40","1,887.90","1,889.95","1,903.72","2,094.00","1,454.90",127183,"242,120,501.75",
"23-Aug-2010","EQ","1,920.65","1,928.90","1,916.30","1,915.80","1,924.80","1,924.40","1,924.17","2,094.00","1,454.90",178697,"343,844,065.20",
"20-Aug-2010","EQ","1,912.45","1,925.00","1,891.00","1,902.75","1,918.00","1,915.80","1,916.84","2,094.00","1,344.00",313716,"601,344,651.25",
"19-Aug-2010","EQ","1,914.70","1,914.70","1,900.00","1,909.00","1,906.75","1,902.75","1,905.25","2,094.00","1,344.00",180129,"343,190,351.45",
"18-Aug-2010","EQ","1,907.00","1,913.95","1,882.10","1,905.05","1,905.15","1,909.00","1,905.14","2,094.00","1,344.00",175493,"334,338,290.70",
"17-Aug-2010","EQ","1,898.00","1,913.45","1,893.40","1,891.85","1,905.00","1,905.05","1,906.53","2,094.00","1,344.00",480626,"916,326,961.40",
"16-Aug-2010","EQ","1,870.10","1,912.00","1,870.10","1,884.25","1,890.05","1,891.85","1,897.52","2,094.00","1,344.00",234697,"445,342,873.00",
"13-Aug-2010","EQ","1,869.00","1,899.95","1,868.25","1,865.80","1,887.35","1,884.25","1,888.51","2,094.00","1,344.00",382334,"722,042,893.40",
"12-Aug-2010","EQ","1,851.00","1,876.50","1,832.00","1,866.45","1,865.10","1,865.80","1,865.07","2,094.00","1,344.00",291243,"543,189,588.40",
"11-Aug-2010","EQ","1,868.00","1,878.90","1,853.10","1,866.70","1,864.80","1,866.45","1,865.89","2,094.00","1,344.00",287017,"535,542,874.00",
"10-Aug-2010","EQ","1,866.00","1,882.00","1,850.55","1,865.55","1,867.00","1,866.70","1,869.00","2,094.00","1,344.00",514842,"962,241,452.70",
"09-Aug-2010","EQ","1,830.00","1,875.00","1,830.00","1,833.55","1,865.00","1,865.55","1,864.23","2,094.00","1,344.00",242353,"451,802,021.75",
"06-Aug-2010","EQ","1,863.00","1,874.00","1,830.15","1,862.50","1,836.00","1,833.55","1,847.77","2,094.00","1,344.00",132136,"244,156,932.25",
"05-Aug-2010","EQ","1,886.90","1,886.90","1,853.25","1,886.90","1,862.00","1,862.50","1,875.60","2,094.00","1,344.00",355350,"666,494,861.75",
"04-Aug-2010","EQ","1,865.00","1,889.95","1,848.00","1,860.40","1,876.25","1,886.90","1,877.91","2,094.00","1,344.00",457138,"858,464,587.05",
"03-Aug-2010","EQ","1,830.00","1,869.40","1,830.00","1,825.15","1,862.00","1,860.40","1,853.69","2,094.00","1,344.00",514524,"953,769,846.35",
"02-Aug-2010","EQ","1,820.60","1,844.00","1,820.00","1,814.85","1,826.00","1,825.15","1,832.29","2,094.00","1,344.00",342168,"626,950,369.50",
"30-Jul-2010","EQ","1,845.00","1,845.00","1,790.50","1,874.30","1,814.90","1,814.85","1,816.83","2,094.00","1,344.00",1682439,"3,056,711,749.95",
"29-Jul-2010","EQ","1,852.00","1,894.90","1,830.00","1,855.05","1,870.00","1,874.30","1,866.51","2,094.00","1,344.00",1430935,"2,670,859,007.10",
"28-Jul-2010","EQ","1,870.00","1,883.90","1,827.45","1,863.00","1,852.80","1,855.05","1,856.93","2,094.00","1,344.00",1918279,"3,562,100,988.35",
"27-Jul-2010","EQ","1,810.00","1,901.90","1,805.10","1,804.30","1,863.05","1,863.00","1,866.57","2,094.00","1,344.00",1804646,"3,368,501,889.10",
"26-Jul-2010","EQ","1,965.00","1,965.00","1,794.00","1,950.65","1,807.00","1,804.30","1,835.20","2,094.00","1,344.00",1308174,"2,400,765,809.25",
"23-Jul-2010","EQ","1,955.00","1,976.95","1,934.30","1,947.85","1,948.40","1,950.65","1,960.70","2,094.00","1,344.00",382705,"750,367,991.80",
"22-Jul-2010","EQ","1,939.00","1,952.65","1,920.10","1,941.25","1,949.00","1,947.85","1,935.26","2,094.00","1,344.00",272526,"527,409,281.40",
"21-Jul-2010","EQ","1,953.00","1,960.00","1,935.00","1,944.85","1,941.00","1,941.25","1,941.54","2,094.00","1,344.00",318839,"619,040,192.60",
"20-Jul-2010","EQ","1,960.25","1,974.80","1,940.10","1,956.65","1,945.00","1,944.85","1,951.26","2,094.00","1,344.00",248336,"484,568,807.55",
"19-Jul-2010","EQ","1,970.00","1,978.05","1,951.15","1,979.80","1,959.00","1,956.65","1,958.94","2,094.00","1,344.00",189214,"370,659,791.00",
"16-Jul-2010","EQ","1,974.00","1,990.00","1,970.00","1,976.80","1,978.00","1,979.80","1,981.91","2,094.00","1,344.00",74089,"146,837,912.05",
"15-Jul-2010","EQ","1,990.00","1,997.00","1,967.05","1,998.80","1,975.00","1,976.80","1,978.63","2,094.00","1,344.00",142748,"282,444,803.30",
"14-Jul-2010","EQ","1,981.00","2,018.70","1,976.55","1,978.75","1,986.00","1,998.80","2,003.47","2,094.00","1,344.00",374991,"751,281,852.95",
"13-Jul-2010","EQ","1,980.00","1,994.00","1,965.00","1,974.80","1,980.00","1,978.75","1,976.79","2,094.00","1,344.00",224651,"444,087,515.45",
"12-Jul-2010","EQ","2,037.70","2,037.70","1,970.30","2,011.10","1,990.00","1,974.80","1,989.85","2,094.00","1,344.00",267548,"532,381,257.80",
"09-Jul-2010","EQ","2,009.00","2,021.90","1,998.70","2,007.55","2,017.00","2,011.10","2,011.68","2,094.00","1,311.70",246043,"494,960,657.50",
"08-Jul-2010","EQ","2,020.00","2,026.75","1,996.00","2,001.40","1,996.00","2,007.55","2,015.22","2,094.00","1,311.70",174648,"351,953,906.45",
"07-Jul-2010","EQ","2,005.10","2,023.00","1,995.00","2,013.95","2,000.00","2,001.40","2,008.20","2,094.00","1,311.70",105061,"210,983,920.40",
"06-Jul-2010","EQ","2,026.00","2,031.50","2,003.00","2,022.25","2,010.00","2,013.95","2,012.89","2,094.00","1,311.70",123331,"248,251,510.05",
"05-Jul-2010","EQ","2,021.00","2,029.90","1,995.20","2,020.95","2,024.00","2,022.25","2,016.09","2,094.00","1,311.70",129470,"261,022,968.85",
"02-Jul-2010","EQ","2,020.15","2,041.10","2,015.00","2,020.15","2,023.00","2,020.95","2,026.19","2,094.00","1,311.70",107595,"218,008,359.40",
"01-Jul-2010","EQ","2,055.00","2,057.00","2,015.20","2,048.55","2,020.00","2,020.15","2,022.35","2,094.00","1,311.70",256604,"518,942,782.50",
"30-Jun-2010","EQ","2,042.50","2,070.00","2,022.10","2,047.30","2,043.30","2,048.55","2,051.96","2,094.00","1,311.70",208385,"427,598,149.20",
"29-Jun-2010","EQ","2,043.10","2,056.00","2,026.10","2,053.45","2,044.10","2,047.30","2,039.72","2,094.00","1,311.70",116120,"236,851,899.80",
"28-Jun-2010","EQ","2,045.50","2,059.00","2,028.20","2,056.10","2,042.50","2,053.45","2,044.75","2,094.00","1,311.70",132807,"271,556,547.35",
"25-Jun-2010","EQ","2,050.00","2,064.90","2,038.10","2,058.40","2,050.00","2,056.10","2,053.12","2,094.00","1,311.70",196318,"403,063,916.40",
"24-Jun-2010","EQ","2,025.25","2,064.00","2,025.25","2,038.90","2,050.00","2,058.40","2,051.18","2,094.00","1,311.70",675428,"1,385,424,836.85",
"23-Jun-2010","EQ","2,022.00","2,047.90","2,002.15","2,020.00","2,035.00","2,038.90","2,035.29","2,094.00","1,311.70",360320,"733,357,069.40",
"22-Jun-2010","EQ","2,010.00","2,032.75","2,010.00","2,026.40","2,021.00","2,020.00","2,021.61","2,094.00","1,311.70",242793,"490,833,621.25",
"21-Jun-2010","EQ","2,031.55","2,046.80","2,020.00","2,020.90","2,021.25","2,026.40","2,030.11","2,094.00","1,311.70",269973,"548,076,015.25",
"18-Jun-2010","EQ","1,987.00","2,033.75","1,987.00","1,983.75","2,022.00","2,020.90","2,018.14","2,094.00","1,311.70",577755,"1,165,993,050.50",
"17-Jun-2010","EQ","2,005.55","2,010.00","1,970.00","2,017.10","1,982.60","1,983.75","1,983.88","2,094.00","1,311.70",431761,"856,561,384.00",
"16-Jun-2010","EQ","2,035.00","2,040.80","2,001.00","2,027.95","2,011.20","2,017.10","2,016.03","2,094.00","1,311.70",216357,"436,181,221.30",
"15-Jun-2010","EQ","2,010.00","2,035.00","1,993.55","2,008.55","2,018.00","2,027.95","2,016.92","2,094.00","1,311.70",267528,"539,583,260.95",
"14-Jun-2010","EQ","2,015.15","2,029.00","1,995.20","2,013.35","2,007.80","2,008.55","2,009.84","2,094.00","1,311.70",217847,"437,837,538.30",
"11-Jun-2010","EQ","2,015.00","2,034.45","2,004.15","2,005.75","2,013.80","2,013.35","2,015.81","2,094.00","1,311.70",283680,"571,845,404.45",
"10-Jun-2010","EQ","1,925.00","2,012.00","1,920.10","1,920.60","2,010.10","2,005.75","1,977.31","2,094.00","1,311.70",510463,"1,009,341,323.80",
"09-Jun-2010","EQ","1,930.00","1,947.80","1,910.00","1,930.65","1,922.00","1,920.60","1,926.21","2,094.00","1,311.70",345811,"666,106,149.55",
"08-Jun-2010","EQ","1,985.00","2,004.90","1,924.15","1,977.85","1,937.00","1,930.65","1,956.24","2,094.00","1,311.70",371306,"726,364,674.75",
"07-Jun-2010","EQ","1,970.00","1,996.00","1,951.00","1,996.25","1,991.15","1,977.85","1,975.94","2,094.00","1,311.70",576762,"1,139,644,758.05",
"04-Jun-2010","EQ","1,979.00","2,012.45","1,974.00","1,979.45","1,995.00","1,996.25","1,999.23","2,094.00","1,311.70",223673,"447,173,971.80",
"03-Jun-2010","EQ","1,995.00","2,049.00","1,975.00","1,986.45","1,980.00","1,979.45","2,012.76","2,094.00","1,311.70",557550,"1,122,215,270.75",
"02-Jun-2010","EQ","1,929.00","1,998.00","1,912.10","1,924.45","1,997.90","1,986.45","1,950.37","2,094.00","1,311.70",887510,"1,730,971,679.35",
"01-Jun-2010","EQ","1,950.00","1,953.70","1,901.55","1,937.45","1,929.00","1,924.45","1,930.56","2,094.00","1,311.70",486762,"939,724,148.40",
"31-May-2010","EQ","1,931.00","1,949.80","1,912.20","1,919.65","1,947.45","1,937.45","1,928.31","2,094.00","1,311.70",291403,"561,916,663.10",
"28-May-2010","EQ","1,910.00","1,925.00","1,891.30","1,898.80","1,920.00","1,919.65","1,913.07","2,094.00","1,286.05",237902,"455,123,532.15",
"27-May-2010","EQ","1,891.00","1,919.85","1,875.50","1,898.75","1,883.00","1,898.80","1,900.33","2,094.00","1,286.05",415299,"789,203,786.60",
"26-May-2010","EQ","1,855.00","1,909.95","1,855.00","1,868.50","1,890.00","1,898.75","1,887.12","2,094.00","1,286.05",318450,"600,954,671.00",
"25-May-2010","EQ","1,889.70","1,904.00","1,845.50","1,893.15","1,869.50","1,868.50","1,881.70","2,094.00","1,286.05",511408,"962,318,030.95",
"24-May-2010","EQ","1,865.00","1,899.90","1,855.10","1,855.00","1,894.00","1,893.15","1,887.45","2,094.00","1,286.05",198281,"374,244,899.00",
"21-May-2010","EQ","1,836.20","1,863.20","1,821.55","1,862.65","1,855.00","1,855.00","1,853.61","2,094.00","1,239.90",284974,"528,229,298.00",
"20-May-2010","EQ","1,865.00","1,884.80","1,848.70","1,858.60","1,870.00","1,862.65","1,864.01","2,094.00","1,239.90",270724,"504,633,351.25",
"19-May-2010","EQ","1,825.00","1,867.80","1,822.20","1,837.05","1,865.00","1,858.60","1,855.34","2,094.00","1,239.90",944127,"1,751,676,813.75",
"18-May-2010","EQ","1,847.00","1,859.00","1,818.00","1,849.20","1,831.85","1,837.05","1,840.18","2,094.00","1,239.90",267664,"492,550,800.25",
"17-May-2010","EQ","1,880.00","1,880.00","1,833.35","1,876.80","1,852.00","1,849.20","1,848.81","2,094.00","1,239.90",242959,"449,185,274.75",
"14-May-2010","EQ","1,875.55","1,921.75","1,871.10","1,899.25","1,873.00","1,876.80","1,892.38","2,094.00","1,163.00",151527,"286,746,575.55",
"13-May-2010","EQ","1,929.70","1,929.70","1,893.90","1,900.95","1,898.20","1,899.25","1,909.84","2,094.00","1,163.00",298697,"570,464,301.30",
"12-May-2010","EQ","1,899.90","1,936.00","1,885.00","1,899.25","1,898.00","1,900.95","1,913.40","2,094.00","1,163.00",504266,"964,863,369.45",
"11-May-2010","EQ","1,915.00","1,919.75","1,885.00","1,888.35","1,893.90","1,899.25","1,903.72","2,094.00","1,163.00",374516,"712,973,294.95",
"10-May-2010","EQ","1,900.00","1,948.70","1,881.50","1,885.10","1,887.00","1,888.35","1,904.73","2,094.00","1,163.00",324650,"618,370,515.95",
"07-May-2010","EQ","1,852.00","1,905.00","1,852.00","1,895.90","1,885.55","1,885.10","1,883.93","2,094.00","1,163.00",403688,"760,519,459.60",
"06-May-2010","EQ","1,885.00","1,905.00","1,862.10","1,889.15","1,902.00","1,895.90","1,888.28","2,094.00","1,163.00",307638,"580,906,372.55",
"05-May-2010","EQ","1,886.30","1,895.00","1,863.10","1,921.65","1,886.00","1,889.15","1,882.77","2,094.00","1,163.00",461047,"868,043,523.20",
"04-May-2010","EQ","1,943.00","1,943.00","1,912.00","1,920.50","1,925.00","1,921.65","1,927.71","2,094.00","1,163.00",319439,"615,786,813.40",
"03-May-2010","EQ","1,900.00","1,944.20","1,881.20","1,915.40","1,918.00","1,920.50","1,923.13","2,094.00","1,163.00",727052,"1,398,214,209.50",
"30-Apr-2010","EQ","1,848.70","1,939.00","1,840.00","1,832.55","1,909.00","1,915.40","1,889.81","2,094.00","1,100.05",750274,"1,417,878,142.00",
"29-Apr-2010","EQ","1,854.00","1,868.90","1,810.00","1,848.85","1,832.10","1,832.55","1,846.15","2,094.00","1,100.05",507018,"936,032,583.00",
"28-Apr-2010","EQ","1,850.00","1,868.00","1,840.00","1,862.45","1,848.00","1,848.85","1,850.27","2,094.00","1,100.05",262547,"485,783,653.40",
"27-Apr-2010","EQ","1,879.00","1,892.00","1,857.05","1,869.75","1,861.50","1,862.45","1,871.17","2,094.00","1,100.05",451266,"844,396,920.85",
"26-Apr-2010","EQ","1,890.00","1,911.80","1,863.00","1,879.65","1,865.00","1,869.75","1,876.98","2,094.00","1,100.05",469439,"881,125,560.80",
"23-Apr-2010","EQ","1,919.95","1,921.60","1,872.00","1,910.60","1,880.10","1,879.65","1,892.41","2,094.00","1,072.10",279837,"529,567,419.65",
"22-Apr-2010","EQ","1,889.15","1,925.00","1,871.50","1,889.15","1,912.70","1,910.60","1,908.46","2,094.00","1,072.10",798540,"1,523,979,560.45",
"21-Apr-2010","EQ","1,880.00","1,895.00","1,851.00","1,852.55","1,887.30","1,889.15","1,878.05","2,094.00","1,072.10",733940,"1,378,378,072.40",
"20-Apr-2010","EQ","1,905.00","1,940.00","1,845.00","1,896.40","1,852.85","1,852.55","1,881.56","2,094.00","1,072.10",1374339,"2,585,903,870.45",
"19-Apr-2010","EQ","1,910.00","1,918.80","1,878.25","1,923.20","1,895.45","1,896.40","1,900.83","2,094.00","1,072.10",775826,"1,474,717,005.20",
"16-Apr-2010","EQ","1,951.00","1,971.70","1,915.10","1,953.15","1,925.60","1,923.20","1,933.28","2,094.00","1,047.00",449227,"868,480,421.30",
"15-Apr-2010","EQ","1,980.00","2,017.30","1,945.65","1,977.15","1,953.00","1,953.15","1,982.34","2,094.00","1,047.00",733433,"1,453,915,046.00",
"13-Apr-2010","EQ","2,049.00","2,050.00","1,974.00","2,085.95","1,975.10","1,977.15","1,993.85","2,094.00","1,047.00",764081,"1,523,461,085.05",
"12-Apr-2010","EQ","2,060.00","2,094.00","2,060.00","2,056.95","2,089.00","2,085.95","2,081.03","2,094.00","1,047.00",481369,"1,001,745,186.55",